date, pm25, pm10, o3, no2, so2, co
2025/11/1, 171, 72, 47, 19, 3, 6
2025/11/2, 146, 13, 29, 10, 3, 2
2025/11/3, 39, 24, 23, 19, 3, 2
2025/11/4, 49, 29, 27, 18, 3, 2
2025/11/5, 60, 35, 38, 21, 2, 3
2025/11/6, 66, 31, 22, 25, 2, 3
2025/11/7, 76, 31, 16, 16, 2, 4
2025/11/8, 88, 29, 31, 7, 2, 3
2025/11/9, 65, 33, 34, 8, 3, 4
2025/11/10, 81, 17, 29, 8, 3, 1
2025/11/11, 28, 30, 30, 10, 3, 3
2025/11/12, 46, , , , , 
2025/10/1, 102, 20, 50, 5, 2, 4
2025/10/2, 58, 35, 46, 10, 2, 6
2025/10/3, 82, 22, 38, 10, 2, 3
2025/10/4, 60, 22, 45, 9, 2, 2
2025/10/5, 60, 29, 58, 13, 2, 2
2025/10/6, 66, 42, 41, 8, 2, 5
2025/10/7, 93, 14, 33, 6, 2, 3
2025/10/8, 48, 17, 46, 10, 2, 2
2025/10/9, 38, 30, 45, 7, 2, 1
2025/10/10, 42, 36, 73, 12, 2, 3
2025/10/11, 61, 40, 77, 13, 2, 3
2025/10/12, 78, 53, 33, 14, 2, 7
2025/10/13, 120, 25, 21, 13, 2, 7
2025/10/14, 82, 25, 50, 14, 2, 4
2025/10/15, 64, 23, 33, 11, 2, 5
2025/10/16, 60, 19, 32, 13, 2, 3
2025/10/17, 37, 18, 28, 10, 2, 3
2025/10/18, 48, 23, 31, 7, 2, 2
2025/10/19, 42, 26, 30, 6, 2, 1
2025/10/20, 40, 25, 30, 6, 2, 1
2025/10/21, 32, 24, 34, 7, 2, 1
2025/10/22, 37, 27, 35, 9, 2, 1
2025/10/23, 46, 29, 39, 9, 3, 3
2025/10/24, 49, 31, 41, 9, 3, 2
2025/10/25, 60, 35, 32, 10, 3, 4
2025/10/26, 76, 36, 34, 9, 3, 4
2025/10/27, 98, 16, 38, 14, 3, 2
2025/10/28, 42, 18, 35, 18, 2, 1
2025/10/29, 33, 26, 20, 24, 2, 2
2025/10/30, 45, 24, 32, 17, 3, 3
2025/10/31, 54, 74, 48, 23, 3, 6
2025/7/1, 30, 29, 48, 5, 3, 1
2025/7/2, 36, 30, 57, 5, 3, 2
2025/7/3, 55, 34, 74, 5, 3, 2
2025/7/4, 55, 32, 65, 6, 3, 3
2025/7/5, 57, 19, 9, 9, 3, 4
2025/7/6, 34, 16, 26, 4, 3, 3
2025/7/7, 22, 25, 18, 2, 3, 2
2025/7/8, 20, 27, 23, 1, 3, 
2025/7/9, 27, 44, 18, 3, 4, 
2025/7/10, 80, 38, 18, 4, 3, 3
2025/7/11, 56, 26, 78, 3, 3, 3
2025/7/12, 46, 23, 38, 5, 3, 3
2025/7/13, 55, 51, 71, 7, 3, 4
2025/7/14, 92, 45, 89, 13, 3, 4
2025/7/15, 89, 50, 63, 7, 3, 4
2025/7/16, 94, 51, 61, 8, 3, 5
2025/7/17, 92, 31, 47, 5, 3, 4
2025/7/18, 69, 20, 20, 2, 3, 2
2025/7/19, 30, 34, 14, 1, 3, 1
2025/7/20, 34, 33, 15, 1, 3, 1
2025/7/21, 30, 30, 16, 1, 3, 1
2025/7/22, 31, 18, 15, 2, 3, 1
2025/7/23, 31, 20, 16, 2, 3, 1
2025/7/24, 47, 23, 18, 2, 3, 1
2025/7/25, 48, 18, 13, 2, 3, 1
2025/7/26, 30, 16, 17, 2, 3, 1
2025/7/27, 34, 20, 12, 2, 3, 1
2025/7/28, 36, 20, 14, 2, 3, 1
2025/7/29, 39, 11, 19, 1, 3, 2
2025/7/30, 19, 25, 36, 4, 3, 2
2025/7/31, 56, 33, 55, 3, 3, 2
2025/8/1, 75, 37, 27, 10, 3, 4
2025/8/2, 77, 29, 48, 7, 3, 4
2025/8/3, 72, 24, 45, 9, 3, 4
2025/8/4, 72, 28, 55, 12, 3, 2
2025/8/5, 67, 22, 47, 7, 3, 
2025/8/6, 55, 24, 48, 10, 3, 2
2025/8/7, 59, 28, 55, 11, 4, 2
2025/8/8, 63, 35, 43, 10, 2, 2
2025/8/9, 75, 37, 39, 10, 1, 3
2025/8/10, 75, 34, 48, 9, 1, 4
2025/8/11, 87, 29, 57, 11, 1, 4
2025/8/12, 68, 17, 31, 4, 2, 1
2025/8/13, 42, 17, 26, 3, 1, 1
2025/8/14, 33, 16, 31, 4, 2, 
2025/8/15, 28, 23, 31, 4, 2, 
2025/8/16, 41, 24, 34, 5, 2, 1
2025/8/17, 63, 13, 38, 6, 1, 1
2025/8/18, 35, 25, 55, 8, 2, 1
2025/8/19, 40, 28, 58, 12, 1, 2
2025/8/20, 55, 42, 98, 11, 2, 2
2025/8/21, 87, 40, 61, 11, 2, 2
2025/8/22, 82, 39, 94, 12, 2, 3
2025/8/23, 80, 31, 57, 10, 2, 2
2025/8/24, 69, 28, 53, 15, 2, 5
2025/8/25, 56, 31, 61, 16, 2, 5
2025/8/26, 71, 16, 36, 8, 2, 1
2025/8/27, 41, 14, 41, 7, 2, 1
2025/8/28, 32, 17, 39, 8, 2, 1
2025/8/29, 34, 14, 36, 6, 2, 1
2025/8/30, 30, 21, 51, 8, 2, 2
2025/8/31, 46, 27, 56, 11, 2, 3
2025/9/1, 67, 25, 31, 16, 2, 2
2025/9/2, 59, 23, 49, 13, 2, 2
2025/9/3, 65, 27, 60, 12, 2, 3
2025/9/4, 57, 28, 79, 13, 2, 2
2025/9/5, 65, 25, 74, 10, 2, 2
2025/9/6, 49, 40, 87, 12, 3, 4
2025/9/7, 99, 18, 59, 14, 1, 1
2025/9/8, 55, 18, 33, 10, 1, 2
2025/9/9, 53, 22, 43, 9, 2, 1
2025/9/10, 51, 29, 56, 10, 2, 1
2025/9/11, 56, 35, 56, 9, 2, 2
2025/9/12, 61, 42, 58, 13, 2, 3
2025/9/13, 85, 37, 53, 11, 2, 3
2025/9/14, 91, 25, 61, 11, 2, 2
2025/9/15, 68, 25, 66, 11, 2, 1
2025/9/16, 56, 28, 46, 11, 2, 2
2025/9/17, 57, 21, 39, 6, 2, 1
2025/9/18, 38, 23, 36, 8, 2, 1
2025/9/19, 34, 20, 41, 8, 2, 2
2025/9/20, 51, 21, 45, 6, 2, 2
2025/9/21, 42, 22, 42, 10, 2, 1
2025/9/22, 36, 20, 27, 6, 2, 1
2025/9/23, 29, 19, 18, 7, 2, 1
2025/9/24, 31, 23, 24, 9, 2, 2
2025/9/25, 39, 21, 32, 14, 2, 3
2025/9/26, 42, 29, 56, 13, 2, 4
2025/9/27, 68, 36, 83, 10, 2, 5
2025/9/28, 89, 19, 35, 8, 2, 6
2025/9/29, 61, 30, 32, 16, 2, 5
2025/9/30, 75, 34, 49, 11, 2, 5
2025/4/1, 91, 59, 66, 18, 4, 6
2025/4/2, 122, 40, 39, 18, 4, 6
2025/4/3, 107, 37, 60, 15, 4, 4
2025/4/4, 80, 57, 74, 15, 4, 6
2025/4/5, 126, 60, 62, 18, 3, 6
2025/4/6, 132, 51, 73, 18, 3, 5
2025/4/7, 116, 62, 76, 20, 4, 6
2025/4/8, 110, 70, 91, 23, 4, 7
2025/4/9, 141, 66, 53, 22, 3, 7
2025/4/10, 143, 58, 44, 19, 5, 6
2025/4/11, 124, 80, 36, 7, 3, 5
2025/4/12, 88, 87, 40, 9, 2, 4
2025/4/13, 75, 68, 46, 13, 3, 4
2025/4/14, 74, 50, 60, 27, 3, 4
2025/4/15, 71, 56, 79, 24, 3, 4
2025/4/16, 84, 63, 54, 21, 3, 4
2025/4/17, 99, 57, 76, 14, 3, 4
2025/4/18, 100, 55, 63, 11, 3, 5
2025/4/19, 93, 39, 50, 10, 3, 8
2025/4/20, 101, 39, 42, 11, 2, 5
2025/4/21, 93, 43, 42, 10, 2, 6
2025/4/22, 118, 54, 89, 17, 3, 7
2025/4/23, 123, 76, 78, 26, 3, 8
2025/4/24, 144, 46, 39, 12, 3, 4
2025/4/25, 52, 30, 43, 17, 3, 4
2025/4/26, 49, 31, 44, 16, 3, 4
2025/4/27, 60, 43, 50, 18, 3, 5
2025/4/28, 96, 37, 52, 20, 2, 4
2025/4/29, 78, 44, 75, 16, 3, 4
2025/4/30, 67, 50, 59, 9, 3, 5
2025/5/1, 83, 47, 78, 13, , 4
2025/5/2, 73, 44, 50, 4, 3, 5
2025/5/3, 74, 21, 43, 9, 3, 4
2025/5/4, 37, 32, 33, 12, 2, 7
2025/5/5, 71, 62, 65, 11, 3, 7
2025/5/6, 133, 58, 57, 10, 2, 5
2025/5/7, 81, 45, 41, 7, 2, 5
2025/5/8, 62, 19, 42, 8, 2, 6
2025/5/9, 44, 43, 51, 15, 3, 6
2025/5/10, 76, 33, 66, 12, 3, 5
2025/5/11, 71, 43, 77, 18, 3, 4
2025/5/12, 95, 38, 77, 11, 3, 4
2025/5/13, 74, 33, 87, 10, 3, 4
2025/5/14, 69, 44, 55, 25, 4, 5
2025/5/15, 83, 39, 29, 14, 2, 6
2025/5/16, 94, 42, 69, 18, 5, 8
2025/5/17, 118, 61, 41, 9, 3, 4
2025/5/18, 78, 35, 64, 13, 3, 5
2025/5/19, 87, 34, 24, 13, 2, 5
2025/5/20, 88, 26, 29, 15, 2, 6
2025/5/21, 77, 35, 55, 15, 3, 7
2025/5/22, 87, 9, 30, 5, 2, 4
2025/5/23, 25, 38, 56, 6, 3, 5
2025/5/24, 91, 37, 59, 18, 3, 5
2025/5/25, 92, 32, 55, 17, 3, 4
2025/5/26, 81, 25, 60, 8, 3, 4
2025/5/27, 66, 28, 48, 9, 3, 4
2025/5/28, 60, 31, 55, 10, 3, 4
2025/5/29, 75, 44, 91, 15, 3, 4
2025/5/30, 107, 41, 69, 10, 3, 4
2025/5/31, 97, 13, 49, 4, 2, 4
2025/6/1, 37, 12, 37, 6, 2, 4
2025/6/2, 41, 30, 81, 9, 3, 4
2025/6/3, 74, 48, 102, 14, 3, 5
2025/6/4, 126, 33, 86, 19, 3, 4
2025/6/5, 72, 37, 86, 11, 3, 4
2025/6/6, 66, 37, 25, 15, 3, 4
2025/6/7, 76, 16, 34, 10, 2, 3
2025/6/8, 48, 16, 26, 12, 2, 3
2025/6/9, 48, 18, 19, 14, 2, 3
2025/6/10, 52, 21, 29, 13, 2, 3
2025/6/11, 62, 11, 30, 10, 2, 3
2025/6/12, 42, 11, 13, 7, 2, 2
2025/6/13, 27, 26, 46, 12, 2, 3
2025/6/14, 74, 14, 20, 8, 2, 2
2025/6/15, 43, 22, 72, 7, 3, 2
2025/6/16, 49, 50, 106, 12, 3, 3
2025/6/17, 82, 44, 76, 14, 3, 3
2025/6/18, 76, 38, 41, 15, 3, 3
2025/6/19, 71, 22, 39, 10, 3, 2
2025/6/20, 54, 29, 39, 8, 2, 2
2025/6/21, 52, 15, 37, 8, 2, 3
2025/6/22, 35, 14, 32, 8, 2, 3
2025/6/23, 38, 24, 38, 6, 2, 4
2025/6/24, 61, 43, 85, 15, 2, 4
2025/6/25, 90, 47, 83, 10, 3, 4
2025/6/26, 101, 34, 53, 10, 3, 3
2025/6/27, 76, 36, 79, 11, 3, 3
2025/6/28, 79, 23, 59, 6, 3, 2
2025/6/29, 59, 18, 42, 5, 3, 1
2025/6/30, 37, 21, 42, 5, 3, 1
2025/1/1, 111, 40, 29, 26, 3, 4
2025/1/2, 69, 52, 33, 19, 3, 5
2025/1/3, 94, 40, 32, 25, 3, 5
2025/1/4, 69, 58, 26, 27, 3, 7
2025/1/5, 120, 81, 28, 24, 3, 7
2025/1/6, 147, 63, 17, 25, 3, 7
2025/1/7, 129, 70, 19, 32, 4, 9
2025/1/8, 145, 27, 24, 10, 3, 5
2025/1/9, 51, 39, 23, 18, 3, 7
2025/1/10, 61, 60, 15, 30, 5, 9
2025/1/11, 112, 75, 25, 31, 4, 7
2025/1/12, 134, 80, 33, 38, 4, 4
2025/1/13, 150, 81, 37, 36, 4, 5
2025/1/14, 159, 31, 23, 12, 3, 2
2025/1/15, 61, 58, 16, 29, 5, 4
2025/1/16, 93, 75, 20, 38, 5, 7
2025/1/17, 144, 62, 31, 31, 3, 5
2025/1/18, 132, 78, 36, 36, 4, 6
2025/1/19, 160, 111, 36, 48, 5, 10
2025/1/20, 185, 87, 37, 33, 4, 7
2025/1/21, 170, 31, 40, 15, 3, 3
2025/1/22, 75, 38, 29, 23, 2, 3
2025/1/23, 74, 33, 34, 15, 2, 3
2025/1/24, 75, 32, 33, 9, 4, 3
2025/1/25, 62, 44, 31, 9, 2, 5
2025/1/26, 79, 44, 31, 6, 3, 2
2025/1/27, 97, 39, 36, 8, 4, 2
2025/1/28, 78, 72, 37, 14, 5, 4
2025/1/29, 145, 42, 40, 9, 3, 2
2025/1/30, 86, 31, 29, 10, 2, 2
2025/1/31, 72, 19, 30, 6, , 3
2025/2/1, 55, 55, 30, 6, 2, 4
2025/2/2, 106, 60, 31, 7, 3, 6
2025/2/3, 135, 59, 34, 14, 3, 7
2025/2/4, 133, 49, 34, 17, 4, 7
2025/2/5, 118, 33, 29, 14, 3, 5
2025/2/6, 71, 48, 26, 15, 3, 5
2025/2/7, 81, 31, 26, 9, 3, 8
2025/2/8, 63, 43, 27, 21, 5, 7
2025/2/9, 90, 47, 32, 20, 4, 3
2025/2/10, 104, 22, 29, 12, 3, 2
2025/2/11, 62, 54, 31, 15, 3, 4
2025/2/12, 132, 38, 30, 15, 3, 3
2025/2/13, 96, 29, 23, 17, 3, 2
2025/2/14, 59, 48, 14, 25, 3, 4
2025/2/15, 113, 70, 40, 24, 3, 8
2025/2/16, 162, 47, 32, 13, 3, 6
2025/2/17, 100, 37, 34, 18, 3, 5
2025/2/18, 77, 42, 36, 17, 3, 4
2025/2/19, 87, 25, 31, 12, 3, 3
2025/2/20, 60, 29, 33, 13, 3, 4
2025/2/21, 61, 50, 42, 18, 3, 5
2025/2/22, 122, 44, 31, 13, 3, 5
2025/2/23, 116, 54, 40, 22, 3, 6
2025/2/24, 134, 65, 30, 25, 3, 6
2025/2/25, 140, 87, 36, 33, 4, 8
2025/2/26, 175, 80, 38, 26, 3, 8
2025/2/27, 176, 50, 34, 25, 3, 7
2025/2/28, 126, 33, 45, 19, 3, 5
2025/3/1, 92, 46, 55, 25, 3, 5
2025/3/2, 112, 18, 31, 10, 2, 5
2025/3/3, 57, 16, 25, 11, 2, 5
2025/3/4, 51, 14, 31, 8, 3, 4
2025/3/5, 50, 30, 40, 9, 3, 5
2025/3/6, 71, 46, 35, 21, 3, 5
2025/3/7, 104, 53, 50, 24, 4, 6
2025/3/8, 125, 34, 39, 15, 3, 4
2025/3/9, 84, 39, 30, 20, 2, 3
2025/3/10, 79, 44, 22, 20, 2, 3
2025/3/11, 121, 28, 24, 18, 2, 4
2025/3/12, 81, 28, 29, 13, 2, 3
2025/3/13, 71, 37, 30, 15, 2, 3
2025/3/14, 50, 22, 33, 10, 2, 3
2025/3/15, 48, 38, 35, 10, 3, 5
2025/3/16, 93, 44, 38, 25, 3, 4
2025/3/17, 100, 41, 39, 18, 4, 5
2025/3/18, 83, 36, 39, 20, 4, 4
2025/3/19, 76, 51, 57, 28, 4, 4
2025/3/20, 114, 54, 58, 35, 4, 5
2025/3/21, 120, 63, 66, 51, 4, 5
2025/3/22, 128, 65, 67, 29, 4, 5
2025/3/23, 129, 59, 62, 24, 3, 5
2025/3/24, 109, 77, 63, 32, 4, 5
2025/3/25, 127, 72, 93, 31, 5, 6
2025/3/26, 147, 59, 41, 17, 2, 5
2025/3/27, 122, 46, 31, 9, 2, 4
2025/3/28, 71, 54, 34, 13, 3, 5
2025/3/29, 98, 29, 38, 10, 3, 4
2025/3/30, 56, 33, 44, 12, 3, 4
2025/3/31, 66, 42, 46, 15, 3, 4
2024/10/1, 28, 21, 39, 5, 3, 3
2024/10/2, 40, 17, 39, 5, 4, 3
2024/10/3, 36, 18, 41, 6, 4, 3
2024/10/4, 36, 17, 36, 6, 3, 3
2024/10/5, 24, 12, 33, 8, 3, 4
2024/10/6, 26, 11, 36, 6, 3, 3
2024/10/7, 28, 31, 39, 9, 4, 5
2024/10/8, 91, 35, 46, 25, 4, 4
2024/10/9, 73, 55, 70, 29, 4, 6
2024/10/10, 131, 60, 64, 27, 4, 6
2024/10/11, 136, 43, 55, 21, 4, 4
2024/10/12, 106, 18, 44, 14, 3, 2
2024/10/13, 36, 35, 31, 17, 4, 3
2024/10/14, 49, 48, 24, 20, 4, 7
2024/10/15, 111, 22, 31, 15, 3, 3
2024/10/16, 66, 28, 35, 12, 3, 3
2024/10/17, 56, 37, 48, 14, 4, 2
2024/10/18, 63, 22, 29, 8, 3, 3
2024/10/19, 28, 33, 26, 10, 4, 3
2024/10/20, 28, 32, 17, 17, 3, 7
2024/10/21, 61, 36, 23, 13, 4, 7
2024/10/22, 95, 31, 31, 13, 4, 6
2024/10/23, 92, 20, 37, 13, 4, 3
2024/10/24, 44, 32, 39, 9, 4, 3
2024/10/25, 31, 9, 26, 8, 3, 2
2024/10/26, 14, 12, 32, 10, 3, 3
2024/10/27, 35, 42, 33, 11, 4, 4
2024/10/28, 107, 20, 36, 16, 4, 3
2024/10/29, 43, 26, 39, 11, 4, 4
2024/10/30, 52, 20, 33, 12, 4, 4
2024/10/31, 37, 7, 36, 5, 4, 3
2024/11/1, 13, 45, 43, 11, 4, 6
2024/11/2, 99, 53, 43, 24, 4, 8
2024/11/3, 136, 49, 58, 17, 4, 7
2024/11/4, 125, 22, 32, 9, 4, 4
2024/11/5, 34, 21, 34, 12, 4, 3
2024/11/6, 29, 25, 26, 16, 4, 4
2024/11/7, 23, 23, 34, 16, 4, 3
2024/11/8, 29, 28, 31, 12, 4, 4
2024/11/9, 50, 31, 35, 11, 4, 6
2024/11/10, 69, 36, 39, 17, 5, 6
2024/11/11, 98, 39, 38, 23, 5, 5
2024/11/12, 97, 41, 40, 20, 4, 6
2024/11/13, 114, 32, 32, 17, 6, 5
2024/11/14, 78, 45, 14, 18, 4, 7
2024/11/15, 125, 35, 29, 12, 3, 7
2024/11/16, 102, 18, 27, 7, 3, 6
2024/11/17, 49, 24, 27, 6, 3, 5
2024/11/18, 35, 24, 25, 10, 4, 5
2024/11/19, 36, 25, 21, 14, 3, 5
2024/11/20, 47, 55, 25, 19, 4, 7
2024/11/21, 119, 57, 36, 18, 4, 7
2024/11/22, 135, 15, 29, 13, 3, 4
2024/11/23, 42, 26, 25, 17, 3, 4
2024/11/24, 45, 29, 20, 15, 3, 4
2024/11/25, 60, 31, 24, 11, 3, 5
2024/11/26, 75, 54, 27, 17, 4, 4
2024/11/27, 69, 64, 26, 18, 4, 4
2024/11/28, 65, 49, 22, 22, 4, 5
2024/11/29, 61, 64, 21, 35, 5, 7
2024/11/30, 115, 56, 29, 33, 4, 6
2024/12/1, 105, 73, 26, 41, 5, 8
2024/12/2, 148, 62, 32, 19, 3, 6
2024/12/3, 124, 28, 27, 15, 4, 4
2024/12/4, 59, 44, 23, 18, 3, 6
2024/12/5, 98, 90, 24, 31, 4, 9
2024/12/6, 175, 83, 34, 21, 4, 7
2024/12/7, 165, 24, 27, 13, 4, 4
2024/12/8, 65, 31, 19, 23, 4, 5
2024/12/9, 65, 34, 20, 22, 3, 5
2024/12/10, 71, 40, 25, 18, 4, 8
2024/12/11, 102, 39, 21, 19, 4, 9
2024/12/12, 96, 50, 19, 18, 4, 7
2024/12/13, 100, 56, 21, 20, 4, 8
2024/12/14, 126, 61, 24, 26, 5, 7
2024/12/15, 119, 66, 26, 33, 5, 8
2024/12/16, 127, 76, 22, 44, 6, 10
2024/12/17, 148, 53, 25, 21, 4, 7
2024/12/18, 117, 31, 17, 16, 4, 6
2024/12/19, 69, 55, 19, 28, 4, 6
2024/12/20, 101, 72, 25, 23, 4, 7
2024/12/21, 148, 43, 22, 14, 3, 6
2024/12/22, 92, 35, 20, 17, 3, 5
2024/12/23, 69, 43, 20, 21, 3, 5
2024/12/24, 86, 63, 4, 39, 3, 6
2024/12/25, 125, 85, 33, 26, 4, 9
2024/12/26, 160, 43, 26, 20, 3, 5
2024/12/27, 82, 55, 21, 20, 4, 6
2024/12/28, 103, 70, 23, 30, 4, 6
2024/12/29, 133, , , , , 
2024/7/1, 82, 21, 38, 9, 2, 4
2024/7/2, 63, 22, 63, 10, 2, 4
2024/7/3, 62, 30, 52, 15, 2, 4
2024/7/4, 74, 38, 70, 15, 4, 4
2024/7/5, 84, 38, 60, 11, 2, 4
2024/7/6, 74, 46, 20, 13, 2, 5
2024/7/7, 82, 37, 54, 13, 2, 4
2024/7/8, 74, 37, 62, 12, 2, 4
2024/7/9, 75, 34, 28, 13, 2, 5
2024/7/10, 83, 18, 34, 15, 2, 5
2024/7/11, 35, 25, 16, 16, 2, 5
2024/7/12, 76, 35, 31, 15, 3, 5
2024/7/13, 96, 52, 39, 15, 2, 5
2024/7/14, 136, 46, 54, 22, 3, 5
2024/7/15, 123, 20, 43, 11, 3, 3
2024/7/16, 58, 30, 64, 11, 3, 3
2024/7/17, 64, 33, 42, 12, 3, 4
2024/7/18, 83, 33, 56, 14, 3, 4
2024/7/19, 84, 30, 70, 12, 4, 4
2024/7/20, 74, 44, 63, 10, 5, 3
2024/7/21, 114, 24, 62, 9, 6, 3
2024/7/22, 58, 19, 42, 8, 3, 3
2024/7/23, 27, 19, 19, 6, 4, 3
2024/7/24, 19, 21, 18, 5, 2, 3
2024/7/25, 26, 26, 17, 5, 2, 3
2024/7/26, 38, 23, 24, 4, 2, 3
2024/7/27, 38, 23, 28, 6, 3, 3
2024/7/28, 38, 16, 39, 7, 3, 3
2024/7/29, 32, 18, 36, 8, 3, 3
2024/7/30, 32, 26, 58, 8, 3, 3
2024/7/31, 49, 30, 48, 11, 2, 4
2024/8/1, 60, 36, 97, 10, 3, 5
2024/8/2, 73, 39, 87, 11, 3, 4
2024/8/3, 79, 32, 77, 11, 3, 4
2024/8/4, 63, 34, 82, 10, 3, 4
2024/8/5, 67, 30, 51, 8, 3, 3
2024/8/6, 61, 27, 50, 9, 3, 3
2024/8/7, 65, 37, 76, 12, 3, 4
2024/8/8, 70, 31, 85, 12, 3, 4
2024/8/9, 65, 36, 89, 10, 4, 4
2024/8/10, 70, 41, 75, 12, 3, 5
2024/8/11, 78, 41, 60, 15, 2, 6
2024/8/12, 84, 31, 61, 10, 2, 5
2024/8/13, 77, 17, 44, 8, 2, 4
2024/8/14, 46, 22, 37, 8, 3, 5
2024/8/15, 47, 30, 31, 9, 3, 4
2024/8/16, 73, 20, 36, 8, 3, 4
2024/8/17, 53, 13, 30, 6, 2, 4
2024/8/18, 37, 17, 28, 6, 3, 3
2024/8/19, 34, 23, 53, 8, 3, 4
2024/8/20, 52, 19, 40, 9, 2, 4
2024/8/21, 46, 32, 82, 10, 3, 5
2024/8/22, 84, 31, 95, 13, 3, 6
2024/8/23, 68, 25, 54, 8, 3, 4
2024/8/24, 60, 25, 52, 7, 3, 4
2024/8/25, 57, 23, 57, 8, 3, 4
2024/8/26, 49, 41, 62, 12, 3, 7
2024/8/27, 77, 27, 33, 8, 2, 6
2024/8/28, 78, 13, 32, 6, 3, 4
2024/8/29, 33, 23, 50, 9, 3, 5
2024/8/30, 53, 26, 58, 12, 4, 5
2024/8/31, 58, 31, 95, 9, 3, 5
2024/9/1, 64, 34, 87, 11, 4, 5
2024/9/2, 73, 23, 32, 8, 3, 5
2024/9/3, 54, 22, 48, 9, 3, 4
2024/9/4, 51, 19, 49, 8, 3, 4
2024/9/5, 51, 37, 32, 10, 3, 4
2024/9/6, 75, 41, 37, 9, 3, 3
2024/9/7, 91, 25, 29, 9, 4, 3
2024/9/8, 65, 18, 24, 7, 3, 3
2024/9/9, 43, 28, 30, 8, 3, 4
2024/9/10, 65, 12, 14, 5, 2, 3
2024/9/11, 25, 21, 45, 7, 3, 3
2024/9/12, 46, 14, 32, 7, 3, 3
2024/9/13, 32, 15, 19, 7, 3, 3
2024/9/14, 32, 22, 26, 5, 3, 4
2024/9/15, 44, 14, 20, 3, 3, 4
2024/9/16, 29, 18, 21, 4, 2, 6
2024/9/17, 29, 20, 19, 6, 3, 6
2024/9/18, 37, 23, 9, 5, 3, 5
2024/9/19, 29, 14, 15, 12, 2, 6
2024/9/20, 37, 17, 30, 7, 3, 6
2024/9/21, 33, 26, 36, 6, 3, 5
2024/9/22, 41, 23, 40, 10, 3, 6
2024/9/23, 36, 27, 27, 15, 3, 5
2024/9/24, 58, 23, 14, 23, 3, 6
2024/9/25, 73, 12, 30, 15, 3, 5
2024/9/26, 41, 25, 51, 12, 3, 4
2024/9/27, 48, 30, 49, 10, 3, 4
2024/9/28, 59, 30, 35, 12, 3, 3
2024/9/29, 54, 30, 32, 7, 3, 3
2024/9/30, 63, 16, 31, 6, 3, 3
2024/4/1, 115, 29, 34, 23, 4, 7
2024/4/2, 67, 24, 33, 13, 3, 7
2024/4/3, 71, 40, 48, 13, 5, 8
2024/4/4, 93, 45, 51, 11, 4, 6
2024/4/5, 78, 41, 34, 16, 3, 6
2024/4/6, 91, 40, 35, 23, 3, 6
2024/4/7, 90, 27, 34, 18, 3, 5
2024/4/8, 73, 50, 54, 23, 5, 6
2024/4/9, 114, 53, 48, 21, 3, 4
2024/4/10, 100, 47, 38, 14, 3, 4
2024/4/11, 76, 25, 24, 17, 3, 4
2024/4/12, 61, 21, 28, 13, 3, 4
2024/4/13, 66, 19, 33, 13, 3, 5
2024/4/14, 49, 43, 56, 15, 3, 7
2024/4/15, 112, 35, 41, 20, 3, 6
2024/4/16, 99, 20, 34, 15, 3, 5
2024/4/17, 51, 60, 37, 19, 4, 5
2024/4/18, 80, 99, 36, 16, 4, 4
2024/4/19, 101, 48, 48, 12, 3, 6
2024/4/20, 83, 28, 38, 11, 3, 5
2024/4/21, 69, 34, 31, 19, 4, 7
2024/4/22, 84, 35, 36, 18, 3, 6
2024/4/23, 96, 37, 53, 17, 4, 5
2024/4/24, 79, 32, 41, 17, 5, 5
2024/4/25, 45, 42, 38, 12, 4, 5
2024/4/26, 65, 24, 32, 12, 3, 5
2024/4/27, 70, 26, 29, 14, 3, 5
2024/4/28, 59, 31, 33, 13, 3, 6
2024/4/29, 89, 32, 40, 13, 3, 5
2024/4/30, 80, 27, 48, 11, 4, 5
2024/5/1, 77, 31, 40, 14, 4, 4
2024/5/2, 66, 30, 50, 11, 4, 3
2024/5/3, 60, 32, 32, 17, 4, 4
2024/5/4, 75, 24, 31, 12, 3, 6
2024/5/5, 74, 41, 63, 18, 4, 7
2024/5/6, 107, 44, 78, 14, 4, 7
2024/5/7, 110, 33, 47, 15, 4, 6
2024/5/8, 84, 24, 29, 24, 4, 4
2024/5/9, 52, 40, 46, 18, 4, 4
2024/5/10, 58, 49, 26, 17, 3, 5
2024/5/11, 94, 52, 42, 13, 4, 6
2024/5/12, 82, 65, 64, 23, 5, 5
2024/5/13, 80, 40, 88, 21, 5, 3
2024/5/14, 59, 41, 50, 12, 4, 3
2024/5/15, 61, 30, 60, 19, 4, 3
2024/5/16, 54, 35, 78, 16, 4, 3
2024/5/17, 61, 32, 57, 8, 5, 2
2024/5/18, 52, 29, 38, 5, , 2
2024/5/19, 48, 25, 35, 6, 3, 2
2024/5/20, 46, 22, 33, 8, 4, 2
2024/5/21, 49, 34, 42, 12, 5, 2
2024/5/22, 67, 21, 43, 8, 3, 2
2024/5/23, 52, 20, 44, 7, 3, 2
2024/5/24, 52, 20, 31, 6, 3, 2
2024/5/25, 54, 24, 52, 9, 3, 2
2024/5/26, 65, 24, 38, 7, 3, 3
2024/5/27, 56, 19, 49, 13, 4, 3
2024/5/28, 47, 25, 47, 17, 4, 2
2024/5/29, 59, 35, 58, 10, 3, 2
2024/5/30, 68, 46, 34, 16, 3, 5
2024/5/31, 125, 41, 54, 13, 3, 4
2024/6/1, 114, 17, 51, 14, 4, 3
2024/6/2, 52, 39, 105, 17, 5, 5
2024/6/3, 76, 44, 80, 8, 4, 6
2024/6/4, 90, 32, 40, 12, 3, 4
2024/6/5, 74, 13, 45, 9, 3, 4
2024/6/6, 48, 17, 40, 13, 4, 4
2024/6/7, 50, 21, 54, 10, 2, 5
2024/6/8, 59, 25, 90, 13, 2, 5
2024/6/9, 69, 22, 45, 11, 2, 4
2024/6/10, 56, 13, 40, 10, 2, 5
2024/6/11, 41, 27, 47, 14, 2, 6
2024/6/12, 72, 46, 67, 13, 2, 6
2024/6/13, 123, 31, 62, 10, 2, 6
2024/6/14, 92, 25, 65, 10, 3, 6
2024/6/15, 61, 24, 52, 15, 3, 4
2024/6/16, 61, 17, 43, 9, 2, 4
2024/6/17, 45, 25, 51, 12, 3, 4
2024/6/18, 52, 19, 31, 13, 2, 5
2024/6/19, 42, 22, 28, 15, 2, 6
2024/6/20, 64, 29, 6, 24, 2, 7
2024/6/21, 86, 28, 25, 18, 2, 5
2024/6/22, 78, 19, 30, 11, 2, 5
2024/6/23, 52, 29, 34, 14, 2, 5
2024/6/24, 81, 31, 27, 18, 2, 5
2024/6/25, 77, 19, 26, 15, 2, 5
2024/6/26, 62, 10, 27, 12, 2, 5
2024/6/27, 39, 17, 19, 14, 2, 5
2024/6/28, 53, 24, 31, 12, 2, 5
2024/6/29, 66, 22, 16, 15, 2, 4
2024/6/30, 64, 30, 34, 14, 2, 4
2024/1/1, 150, 59, 24, 25, 3, 7
2024/1/2, 107, 78, 27, 20, 3, 11
2024/1/3, 158, 91, 28, 32, 4, 13
2024/1/4, 167, 83, 20, 40, 5, 11
2024/1/5, 163, 114, 29, 37, 4, 14
2024/1/6, 196, 51, 26, 15, 4, 6
2024/1/7, 115, 26, 16, 22, 3, 4
2024/1/8, 52, 74, 20, 32, 4, 7
2024/1/9, 134, 84, 20, 18, 4, 10
2024/1/10, 171, 90, 23, 34, 4, 10
2024/1/11, 170, 95, 23, 44, 5, 10
2024/1/12, 174, 115, 39, 45, 6, 13
2024/1/13, 188, 73, 38, 23, 4, 8
2024/1/14, 154, 23, 24, 9, 3, 6
2024/1/15, 61, 27, 24, 17, 3, 6
2024/1/16, 34, 44, 24, 25, 3, 7
2024/1/17, 59, 52, 14, 18, 3, 9
2024/1/18, 124, 41, 20, 11, 3, 9
2024/1/19, 94, 37, 7, 16, 3, 13
2024/1/20, 92, 46, 24, 10, 2, 9
2024/1/21, 115, 34, 21, 7, 3, 6
2024/1/22, 83, 32, 21, 11, 4, 7
2024/1/23, 70, 48, 19, 18, 5, 9
2024/1/24, 88, 64, 20, 30, 6, 10
2024/1/25, 125, 85, 18, 36, 6, 11
2024/1/26, 160, 91, 17, 35, 6, 11
2024/1/27, 166, 104, 32, 34, 6, 10
2024/1/28, 169, 80, 35, 24, 5, 7
2024/1/29, 161, 33, 23, 19, 3, 5
2024/1/30, 85, 26, 9, 23, 3, 5
2024/1/31, 73, 19, 29, 11, 3, 5
2024/2/1, 51, 25, 24, 8, 3, 6
2024/2/2, 50, 15, 23, 8, 3, 7
2024/2/3, 48, 25, 23, 12, 3, 8
2024/2/4, 62, 36, 23, 7, 3, 7
2024/2/5, 95, 54, 25, 9, 3, 8
2024/2/6, 138, 38, 31, 7, 3, 8
2024/2/7, 92, 60, 41, 9, 5, 9
2024/2/8, 130, 185, 50, 21, 8, 13
2024/2/9, 249, 216, 41, 18, 8, 10
2024/2/10, 265, 143, 42, 17, 5, 7
2024/2/11, 192, 89, 46, 12, 5, 6
2024/2/12, 138, 52, 40, 9, 4, 4
2024/2/13, 83, 119, 37, 15, 6, 5
2024/2/14, 171, 48, 30, 10, 3, 5
2024/2/15, 91, 25, 31, 5, 4, 5
2024/2/16, 51, 25, 36, 8, 4, 5
2024/2/17, 47, 29, 27, 10, 4, 4
2024/2/18, 61, 43, 20, 14, 3, 7
2024/2/19, 101, 18, 23, 5, 3, 4
2024/2/20, 51, 11, 20, 6, 3, 6
2024/2/21, 34, 21, 19, 6, 3, 7
2024/2/22, 58, 44, 19, 12, 4, 10
2024/2/23, 95, 46, 20, 14, 3, 7
2024/2/24, 114, 61, 31, 9, 4, 6
2024/2/25, 152, 55, 38, 10, 4, 6
2024/2/26, 123, 52, 33, 12, 4, 4
2024/2/27, 91, 33, 14, 25, 3, 4
2024/2/28, 76, 16, 33, 19, 3, 6
2024/2/29, 53, 35, 33, 7, 4, 4
2024/3/1, 63, 58, 36, 23, 4, 5
2024/3/2, 108, 63, 37, 26, 4, 4
2024/3/3, 130, 35, 34, 22, 4, 3
2024/3/4, 71, 27, 31, 23, 3, 8
2024/3/5, 75, 47, 32, 12, 4, 4
2024/3/6, 103, 45, 33, 19, 5, 5
2024/3/7, 86, 65, 41, 20, 4, 6
2024/3/8, 137, 68, 40, 26, 4, 6
2024/3/9, 149, 40, 35, 15, 4, 3
2024/3/10, 92, 51, 25, 27, 4, 4
2024/3/11, 103, 78, 41, 27, 4, 6
2024/3/12, 153, 44, 35, 24, 4, 5
2024/3/13, 101, 55, 10, 35, 5, 6
2024/3/14, 96, 43, 36, 24, 4, 4
2024/3/15, 82, 41, 25, 21, 3, 5
2024/3/16, 80, 72, 30, 16, 4, 7
2024/3/17, 110, 57, 28, 13, 4, 5
2024/3/18, 63, 73, 36, 19, 4, 6
2024/3/19, 105, 103, 37, 23, 5, 6
2024/3/20, 85, 64, 47, 19, 5, 5
2024/3/21, 79, 65, 55, 20, 4, 6
2024/3/22, 80, 73, 25, 37, 5, 8
2024/3/23, 118, 57, 25, 22, 4, 8
2024/3/24, 132, 42, 26, 21, 4, 7
2024/3/25, 112, 29, 40, 14, 3, 6
2024/3/26, 81, 31, 41, 15, 3, 5
2024/3/27, 85, 41, 22, 21, 3, 7
2024/3/28, 105, 48, 48, 25, 4, 8
2024/3/29, 104, 62, 65, 31, 5, 7
2024/3/30, 108, 66, 47, 18, 4, 8
2024/3/31, 138, 64, 56, 24, 4, 7
2023/10/1, 48, 19, 39, 7, 3, 4
2023/10/2, 29, 22, 38, 8, 3, 4
2023/10/3, 31, 19, 41, 6, 3, 4
2023/10/4, 39, 30, 37, 5, 3, 4
2023/10/5, 38, 25, 35, 4, 4, 4
2023/10/6, 32, 20, 35, 6, 3, 4
2023/10/7, 23, 16, 37, 7, 3, 4
2023/10/8, 35, 34, 39, 14, 3, 4
2023/10/9, 75, 39, 44, 12, 3, 5
2023/10/10, 93, 23, 46, 11, 3, 4
2023/10/11, 60, 24, 40, 14, 3, 4
2023/10/12, 61, 18, 31, 17, 3, 4
2023/10/13, 50, 53, 54, 27, 4, 6
2023/10/14, 130, 61, 53, 31, 4, 7
2023/10/15, 147, 64, 67, 25, 5, 9
2023/10/16, 146, 50, 66, 23, 4, 6
2023/10/17, 130, 42, 74, 18, 4, 4
2023/10/18, 96, 59, 89, 29, 4, 5
2023/10/19, 127, 20, 33, 12, 3, 3
2023/10/20, 58, 31, 32, 18, 4, 3
2023/10/21, 53, 34, 38, 19, 3, 4
2023/10/22, 56, 28, 43, 18, 4, 3
2023/10/23, 51, 36, 54, 20, 4, 5
2023/10/24, 60, 60, 58, 31, 4, 7
2023/10/25, 126, 51, 70, 30, 4, 6
2023/10/26, 125, 49, 52, 22, 4, 5
2023/10/27, 105, 30, 35, 21, 4, 3
2023/10/28, 50, 38, 50, 16, 4, 3
2023/10/29, 52, 32, 41, 13, 4, 3
2023/10/30, 54, 36, 57, 21, 5, 3
2023/10/31, 65, 38, 57, 18, 4, 3
2023/11/1, 66, 29, 51, 15, 4, 2
2023/11/2, 50, 44, 52, 20, 4, 3
2023/11/3, 73, 27, 18, 14, 4, 2
2023/11/4, 58, 19, 33, 8, 3, 3
2023/11/5, 37, 29, 26, 10, 4, 5
2023/11/6, 67, 47, 30, 19, 4, 4
2023/11/7, 69, 43, 32, 17, 5, 4
2023/11/8, 75, 54, 28, 28, 4, 6
2023/11/9, 110, 20, 29, 6, 4, 4
2023/11/10, 55, 24, 26, 7, 4, 4
2023/11/11, 37, 32, 21, 9, 2, 5
2023/11/12, 73, 35, 24, 20, 3, 5
2023/11/13, 73, 67, 26, 37, 4, 9
2023/11/14, 126, 81, 23, 48, 5, 11
2023/11/15, 162, 87, 27, 27, 3, 8
2023/11/16, 151, 87, 23, 18, 4, 7
2023/11/17, 80, 51, 21, 24, 4, 8
2023/11/18, 74, 62, 27, 38, 4, 8
2023/11/19, 104, 85, 31, 42, 5, 10
2023/11/20, 155, 58, 41, 33, 3, 7
2023/11/21, 119, 53, 36, 35, 3, 6
2023/11/22, 107, 91, 49, 32, 4, 10
2023/11/23, 159, 28, 27, 11, 3, 6
2023/11/24, 43, 28, 26, 17, 2, 6
2023/11/25, 40, 42, 21, 23, 2, 5
2023/11/26, 69, 72, 30, 26, 3, 8
2023/11/27, 140, 83, 32, 24, 4, 9
2023/11/28, 154, 66, 41, 19, 3, 7
2023/11/29, 123, 31, 22, 10, 3, 6
2023/11/30, 59, 45, 22, 17, 4, 8
2023/12/1, 80, 55, 22, 32, 4, 10
2023/12/2, 111, 75, 23, 36, 5, 12
2023/12/3, 152, 80, 15, 40, 4, 9
2023/12/4, 159, 81, 22, 35, 4, 9
2023/12/5, 164, 89, 25, 31, 4, 9
2023/12/6, 157, 106, 29, 38, 4, 9
2023/12/7, 148, 70, 30, 33, 4, 7
2023/12/8, 121, 72, 15, 40, 4, 9
2023/12/9, 122, 57, 13, 28, 3, 7
2023/12/10, 120, 19, 17, 10, 2, 6
2023/12/11, 59, 46, 13, 14, 2, 9
2023/12/12, 108, 52, 17, 20, 3, 8
2023/12/13, 114, 48, 25, 27, 3, 8
2023/12/14, 108, 40, 11, 20, 2, 12
2023/12/15, 89, 39, 23, 7, 3, 10
2023/12/16, 94, 27, 22, 8, 4, 6
2023/12/17, 64, 18, 19, 12, 3, 5
2023/12/18, 42, 24, 18, 14, 3, 6
2023/12/19, 59, 55, 24, 11, 4, 8
2023/12/20, 114, 37, 25, 10, 4, 8
2023/12/21, 74, 41, 21, 16, 5, 10
2023/12/22, 78, 58, 9, 25, 4, 9
2023/12/23, 113, 83, 20, 29, 5, 9
2023/12/24, 154, 99, 22, 32, 5, 11
2023/12/25, 167, 89, 16, 34, 5, 9
2023/12/26, 164, 66, 16, 31, 3, 6
2023/12/27, 137, 81, 15, 32, 4, 9
2023/12/28, 158, 64, 20, 24, 3, 7
2023/12/29, 142, 78, 10, 27, 3, 7
2023/12/30, 147, 116, 27, 17, 3, 11
2023/12/31, 203, 73, 24, 19, 3, 9
2023/7/1, 74, 41, 101, 11, 3, 4
2023/7/2, 113, 34, 92, 18, 3, 4
2023/7/3, 87, 32, 43, 12, 3, 3
2023/7/4, 84, 29, 53, 9, 3, 4
2023/7/5, 72, 42, 51, 14, 3, 3
2023/7/6, 111, 36, 41, 14, 3, 4
2023/7/7, 83, 33, 21, 18, 2, 3
2023/7/8, 84, 42, 32, 19, 3, 5
2023/7/9, 110, 27, 28, 19, 3, 4
2023/7/10, 65, 46, 81, 14, 3, 4
2023/7/11, 110, 44, 85, 12, 3, 4
2023/7/12, 94, 45, 76, 13, 3, 4
2023/7/13, 80, 40, 83, 11, 3, 4
2023/7/14, 76, 33, 77, 9, 3, 4
2023/7/15, 72, 19, 30, 11, 3, 5
2023/7/16, 52, 12, 20, 5, 3, 3
2023/7/17, 24, 11, 27, 6, 3, 4
2023/7/18, 32, 16, 22, 11, 3, 3
2023/7/19, 31, 20, 14, 14, 2, 4
2023/7/20, 48, 22, 46, 12, 2, 4
2023/7/21, 59, 20, 34, 11, 2, 4
2023/7/22, 54, 22, 45, 7, 3, 4
2023/7/23, 45, 31, 47, 11, 3, 4
2023/7/24, 69, 17, 35, 8, 3, 3
2023/7/25, 35, 19, 22, 5, 3, 3
2023/7/26, 26, 14, 11, 5, 2, 3
2023/7/27, 22, 15, 11, 3, 2, 3
2023/7/28, 22, 16, 10, 3, 2, 3
2023/7/29, 21, 14, 21, 4, 3, 3
2023/7/30, 26, 26, 22, 4, 3, 3
2023/7/31, 44, 17, 15, 4, 3, 3
2023/8/1, 35, 21, 19, 4, 4, 3
2023/8/2, 39, 26, 16, 3, 3, 3
2023/8/3, 37, 24, 18, 3, 3, 3
2023/8/4, 36, 22, 22, 4, 3, 3
2023/8/5, 45, 29, 51, 8, 4, 5
2023/8/6, 60, 23, 31, 6, 3, 4
2023/8/7, 50, 25, 44, 5, 4, 5
2023/8/8, 49, 29, 44, 4, 3, 4
2023/8/9, 59, 37, 90, 5, 4, 5
2023/8/10, 78, 49, 120, 10, 4, 6
2023/8/11, 92, 43, 103, 10, 4, 5
2023/8/12, 92, 27, 70, 7, 4, 4
2023/8/13, 60, 23, 33, 5, 3, 4
2023/8/14, 42, 23, 32, 6, 3, 5
2023/8/15, 52, 38, 55, 14, 3, 5
2023/8/16, 68, 31, 47, 15, 3, 7
2023/8/17, 66, 28, 46, 17, 3, 7
2023/8/18, 66, 26, 43, 6, 3, 5
2023/8/19, 63, 23, 36, 5, 3, 5
2023/8/20, 51, 26, 70, 7, 4, 5
2023/8/21, 60, 35, 60, 10, 4, 7
2023/8/22, 73, 30, 44, 11, 3, 7
2023/8/23, 79, 34, 91, 12, 4, 7
2023/8/24, 72, 27, 71, 9, 4, 6
2023/8/25, 59, 28, 56, 8, 3, 5
2023/8/26, 51, 16, 26, 5, 3, 4
2023/8/27, 35, 15, 30, 7, 3, 5
2023/8/28, 34, 15, 26, 11, 3, 8
2023/8/29, 45, 11, 34, 11, 3, 6
2023/8/30, 39, 25, 37, 13, 3, 7
2023/8/31, 68, 18, 44, 10, 4, 6
2023/9/1, 47, 31, 57, 5, 4, 7
2023/9/2, 60, 27, 45, 7, 4, 6
2023/9/3, 56, 17, 16, 9, 4, 5
2023/9/4, 41, 23, 22, 7, 4, 4
2023/9/5, 51, 24, 25, 7, 5, 6
2023/9/6, 51, 34, 43, 7, 3, 5
2023/9/7, 68, 24, 48, 9, 3, 5
2023/9/8, 58, 25, 58, 10, 3, 5
2023/9/9, 51, 27, 69, 9, 4, 5
2023/9/10, 51, 31, 65, 10, 4, 5
2023/9/11, 55, 26, 33, 11, 3, 5
2023/9/12, 49, 20, 29, 10, 3, 5
2023/9/13, 41, 18, 24, 12, 4, 6
2023/9/14, 42, 18, 16, 17, 3, 6
2023/9/15, 50, 19, 21, 17, 3, 7
2023/9/16, 52, 45, 83, 16, 4, 10
2023/9/17, 101, 39, 70, 12, 4, 7
2023/9/18, 107, 25, 56, 11, 4, 6
2023/9/19, 65, 20, 35, 8, 4, 6
2023/9/20, 41, 19, 31, 13, 4, 7
2023/9/21, 40, 15, 23, 13, 3, 7
2023/9/22, 40, 13, 34, 16, 3, 6
2023/9/23, 36, 18, 24, 16, 3, 6
2023/9/24, 44, 46, 38, 24, 3, 7
2023/9/25, 91, 44, 51, 17, 4, 9
2023/9/26, 118, 44, 47, 16, 3, 7
2023/9/27, 113, 42, 40, 14, 3, 7
2023/9/28, 111, 41, 49, 10, 3, 7
2023/9/29, 105, 32, 33, 7, 3, 9
2023/9/30, 90, 20, 44, 6, 3, 5
2023/4/1, 93, 49, 57, 22, 3, 5
2023/4/2, 85, 44, 47, 8, 2, 4
2023/4/3, 71, 23, 33, 10, 2, 4
2023/4/4, 52, 30, 29, 7, 2, 7
2023/4/5, 89, 45, 26, 14, 3, 8
2023/4/6, 127, 57, 42, 13, 4, 8
2023/4/7, 147, 48, 48, 17, 3, 6
2023/4/8, 96, 41, 69, 19, 4, 5
2023/4/9, 71, 43, 67, 16, 4, 5
2023/4/10, 72, 143, 46, 14, 3, 7
2023/4/11, 94, 168, 36, 9, 3, 5
2023/4/12, 124, 125, 38, 15, 3, 4
2023/4/13, 113, 72, 35, 18, 3, 8
2023/4/14, 119, 51, 38, 14, 2, 6
2023/4/15, 97, 66, 55, 11, 3, 6
2023/4/16, 96, 63, 51, 12, 3, 5
2023/4/17, 87, 70, 53, 21, 3, 7
2023/4/18, 95, 30, 28, 12, 2, 5
2023/4/19, 60, 37, 31, 11, 2, 5
2023/4/20, 60, 51, 37, 6, 2, 4
2023/4/21, 60, 81, 38, 7, 3, 4
2023/4/22, 67, 81, 39, 7, 2, 4
2023/4/23, 80, 36, 38, 6, 2, 4
2023/4/24, 51, 40, 32, 15, 3, 7
2023/4/25, 77, 51, 58, 12, 3, 7
2023/4/26, 128, 52, 65, 11, 3, 5
2023/4/27, 114, 45, 59, 17, 3, 5
2023/4/28, 102, 67, 29, 16, 3, 6
2023/4/29, 127, 72, 64, 23, 3, 5
2023/4/30, 93, 63, 88, 20, 4, 5
2023/5/1, 97, 46, 53, 8, 4, 4
2023/5/2, 59, 33, 38, 8, 3, 4
2023/5/3, 64, 25, 38, 12, 3, 4
2023/5/4, 62, 25, 31, 14, 2, 6
2023/5/5, 67, 29, 43, 8, 2, 6
2023/5/6, 81, 18, 32, 5, 2, 4
2023/5/7, 50, 31, 44, 7, 3, 4
2023/5/8, 72, 38, 56, 19, 3, 4
2023/5/9, 79, 33, 48, 16, 3, 3
2023/5/10, 66, 42, 41, 29, 4, 5
2023/5/11, 86, 65, 106, 30, 5, 6
2023/5/12, 157, 67, 98, 26, 3, 5
2023/5/13, 149, 62, 85, 21, 4, 5
2023/5/14, 133, 53, 82, 21, 3, 4
2023/5/15, 113, 45, 65, 15, 3, 3
2023/5/16, 70, 22, 34, 9, 2, 3
2023/5/17, 44, 26, 35, 9, 2, 4
2023/5/18, 71, 14, 36, 9, 2, 3
2023/5/19, 43, 30, 48, 12, 2, 3
2023/5/20, 72, 46, 45, 10, 2, 3
2023/5/21, 89, 65, 29, 9, 3, 3
2023/5/22, 91, 79, 52, 17, 3, 4
2023/5/23, 105, 58, 39, 24, 3, 4
2023/5/24, 79, 47, 64, 12, 3, 3
2023/5/25, 90, 53, 41, 13, 3, 3
2023/5/26, 77, 32, 30, 8, 3, 2
2023/5/27, 64, 33, 59, 10, 4, 2
2023/5/28, 64, 39, 94, 10, 3, 3
2023/5/29, 75, 38, 37, 11, 4, 6
2023/5/30, 100, 25, 29, 12, 3, 4
2023/5/31, 68, 29, 42, 14, 4, 5
2023/6/1, 70, 44, 104, 11, 3, 3
2023/6/2, 93, 38, 51, 8, 3, 2
2023/6/3, 84, 29, 44, 9, 3, 3
2023/6/4, 52, 41, 35, 12, 3, 5
2023/6/5, 76, 33, 51, 12, 2, 5
2023/6/6, 91, 38, 43, 18, 3, 5
2023/6/7, 107, 38, 80, 14, 3, 4
2023/6/8, 106, 42, 102, 16, 3, 5
2023/6/9, 112, 36, 97, 12, 4, 3
2023/6/10, 82, 34, 52, 14, 3, 3
2023/6/11, 83, 16, 34, 9, 2, 2
2023/6/12, 54, 21, 18, 11, 2, 2
2023/6/13, 51, 38, 79, 14, 2, 2
2023/6/14, 90, 43, 81, 18, 3, 4
2023/6/15, 109, 40, 80, 14, 3, 3
2023/6/16, 105, 17, 41, 8, 2, 1
2023/6/17, 53, 18, 15, 16, , 3
2023/6/18, 59, 14, 24, 17, 2, 4
2023/6/19, 49, 28, 63, 14, 2, 5
2023/6/20, 76, 47, 106, 17, 3, 5
2023/6/21, 126, 47, 70, 18, 3, 4
2023/6/22, 122, 43, 51, 14, 3, 3
2023/6/23, 107, 7, 42, 9, 2, 2
2023/6/24, 26, 20, 32, 12, 2, 3
2023/6/25, 56, 27, 28, 13, 3, 3
2023/6/26, 60, 29, 39, 14, 3, 3
2023/6/27, 63, 31, 72, 10, 3, 3
2023/6/28, 71, 39, 57, 13, 3, 2
2023/6/29, 85, 29, 25, 14, 3, 3
2023/6/30, 72, 28, 71, 9, 2, 4
2023/1/2, 130, 24, 25, 17, 4, 5
2023/1/3, 59, 39, 28, 27, 4, 5
2023/1/4, 96, 40, 16, 27, 4, 5
2023/1/5, 95, 71, 36, 34, 5, 8
2023/1/6, 151, 82, 33, 37, 5, 9
2023/1/7, 172, 67, 39, 27, 5, 6
2023/1/8, 131, 68, 42, 22, 5, 8
2023/1/9, 142, 31, 28, 11, 3, 4
2023/1/10, 42, 35, 28, 19, 3, 4
2023/1/11, 65, 21, 25, 13, 3, 4
2023/1/12, 62, 17, 10, 22, 3, 7
2023/1/13, 61, 14, 23, 5, 3, 6
2023/1/14, 44, 27, 21, 6, 3, 7
2023/1/15, 72, 39, 25, 9, 5, 9
2023/1/16, 88, 42, 29, 11, 5, 8
2023/1/17, 114, 60, 34, 20, 5, 9
2023/1/18, 134, 69, 35, 26, 4, 8
2023/1/19, 133, 83, 32, 14, 4, 8
2023/1/20, 130, 60, 33, 6, 4, 5
2023/1/21, 73, 16, 23, 8, 3, 5
2023/1/22, 53, 28, 30, 8, 3, 6
2023/1/23, 67, 42, 27, 1, 4, 7
2023/1/24, 90, 24, 28, 5, 4, 7
2023/1/25, 56, 57, 31, 10, 5, 8
2023/1/26, 139, 51, 30, 5, 5, 8
2023/1/27, 100, 54, 31, 18, 4, 8
2023/1/28, 99, 58, 37, 23, 3, 7
2023/1/29, 120, 58, 39, 27, 4, 8
2023/1/30, 136, 46, 36, 23, 4, 6
2023/1/31, 117, 59, 45, 26, 4, 8
2023/2/1, 133, 46, 26, 7, 3, 5
2023/2/2, 45, 48, 23, 9, 3, 6
2023/2/3, 50, 33, 28, 15, 3, 6
2023/2/4, 66, 40, 34, 16, 3, 6
2023/2/5, 101, 28, 28, 15, 2, 5
2023/2/6, 79, 29, 32, 12, 3, 6
2023/2/7, 79, 46, 32, 12, 3, 6
2023/2/8, 112, 30, 30, 15, 2, 5
2023/2/9, 67, 21, 30, 11, 2, 5
2023/2/10, 64, 18, 26, 14, 2, 5
2023/2/11, 57, 22, 26, 16, 2, 6
2023/2/12, 69, 32, 35, 7, 2, 7
2023/2/13, 85, 32, 30, 7, 2, 5
2023/2/14, 64, 37, 30, 13, 3, 6
2023/2/15, 82, 46, 23, 23, 3, 8
2023/2/16, 91, 42, 24, 26, 4, 6
2023/2/17, 97, 65, 28, 37, 5, 9
2023/2/18, 141, 70, 35, 16, 3, 9
2023/2/19, 156, 53, 38, 17, 4, 8
2023/2/20, 124, 31, 29, 8, 3, 5
2023/2/21, 54, 32, 25, 13, 3, 4
2023/2/22, 49, 22, 20, 15, 3, 5
2023/2/23, 55, 36, 34, 13, 3, 7
2023/2/24, 99, 42, 33, 9, 3, 6
2023/2/25, 90, 33, 35, 14, 3, 6
2023/2/26, 68, 33, 33, 19, 3, 5
2023/2/27, 78, 40, 36, 23, 3, 6
2023/2/28, 85, 62, 54, 24, 4, 9
2023/3/1, 155, 51, 37, 14, 3, 8
2023/3/2, 109, 38, 25, 26, 3, 5
2023/3/3, 54, 43, 33, 27, 3, 6
2023/3/4, 86, 45, 42, 24, 4, 4
2023/3/5, 90, 55, 65, 30, 6, 5
2023/3/6, 118, 60, 58, 29, 4, 5
2023/3/7, 106, 60, 38, 31, 4, 6
2023/3/8, 116, 69, 57, 29, 3, 7
2023/3/9, 155, 72, 71, 30, 4, 6
2023/3/10, 142, 53, 49, 18, 4, 5
2023/3/11, 89, 52, 32, 9, 2, 5
2023/3/12, 91, 48, 28, 14, 3, 6
2023/3/13, 63, 49, 46, 17, 5, 5
2023/3/14, 44, 50, 51, 17, 4, 6
2023/3/15, 65, 60, 34, 6, 3, 5
2023/3/16, 27, 20, 28, 9, 2, 5
2023/3/17, 31, 31, 26, 11, 2, 7
2023/3/18, 70, 37, 36, 13, 3, 5
2023/3/19, 68, 41, 35, 14, 3, 5
2023/3/20, 94, 23, 15, 25, 2, 5
2023/3/21, 63, 43, 6, 28, 2, 7
2023/3/22, 103, 101, 33, 13, 2, 7
2023/3/23, 91, 78, 30, 9, 3, 5
2023/3/24, 75, 42, 26, 12, 3, 5
2023/3/25, 59, 68, 38, 9, 4, 6
2023/3/26, 86, 79, 46, 24, 5, 6
2023/3/27, 114, 64, 47, 22, 8, 6
2023/3/28, 116, 50, 38, 17, 3, 5
2023/3/29, 77, 51, 55, 16, 3, 6
2023/3/30, 124, 40, 33, 16, 3, 5
2023/3/31, 84, 46, 36, 25, 4, 5
2022/10/1, 77, 28, 49, 10, 3, 3
2022/10/2, 54, 36, 65, 10, 3, 4
2022/10/3, 69, 21, 26, 6, 2, 4
2022/10/4, 38, 23, 27, 4, 2, 3
2022/10/5, 32, 14, 30, 7, 2, 4
2022/10/6, 35, 17, 27, 7, 2, 4
2022/10/7, 40, 26, 32, 14, 2, 4
2022/10/8, 56, 32, 42, 12, 3, 5
2022/10/9, 81, 37, 31, 10, 4, 5
2022/10/10, 49, 37, 34, 18, 4, 5
2022/10/11, 70, 26, 37, 14, 3, 3
2022/10/12, 46, 26, 40, 13, 3, 4
2022/10/13, 46, 32, 37, 16, 3, 4
2022/10/14, 59, 31, 42, 12, 3, 5
2022/10/15, 73, 38, 40, 9, 3, 5
2022/10/16, 91, 44, 42, 6, 3, 4
2022/10/17, 86, 28, 31, 8, 3, 4
2022/10/18, 38, 25, 37, 11, 3, 4
2022/10/19, 42, 29, 35, 19, 3, 4
2022/10/20, 45, 36, 38, 21, 3, 4
2022/10/21, 62, 34, 42, 13, 3, 4
2022/10/22, 84, 34, 46, 6, 3, 4
2022/10/23, 76, 29, 41, 9, 4, 4
2022/10/24, 46, 27, 32, 12, 3, 4
2022/10/25, 39, 29, 21, 19, 3, 4
2022/10/26, 40, 17, 32, 13, 3, 4
2022/10/27, 31, 29, 38, 6, 3, 4
2022/10/28, 47, 28, 36, 9, 3, 4
2022/10/29, 48, 34, 34, 9, 3, 4
2022/10/30, 66, 29, 32, 13, 3, 4
2022/10/31, 41, 33, 38, 11, 3, 5
2022/11/1, 73, 43, 40, 12, 3, 5
2022/11/2, 98, 31, 40, 17, 3, 5
2022/11/3, 64, 32, 30, 7, 3, 5
2022/11/4, 54, 35, 36, 12, 3, 6
2022/11/5, 75, 27, 31, 16, 3, 4
2022/11/6, 61, 29, 38, 15, 3, 4
2022/11/7, 58, 28, 32, 14, 2, 4
2022/11/8, 61, 37, 37, 16, 2, 4
2022/11/9, 73, 43, 28, 15, 3, 5
2022/11/10, 110, 29, 16, 12, , 4
2022/11/11, 83, 28, 33, 11, 2, 5
2022/11/12, 65, 26, 20, 5, 2, 5
2022/11/13, 59, 34, 17, 12, 3, 6
2022/11/14, 77, 58, 22, 22, 4, 9
2022/11/15, 149, 62, 39, 24, 4, 9
2022/11/16, 152, 15, 27, 10, 2, 4
2022/11/17, 46, 27, 22, 17, 2, 4
2022/11/18, 51, 38, 16, 22, 2, 6
2022/11/19, 89, 47, 25, 14, 2, 7
2022/11/20, 131, 46, 23, 20, 3, 8
2022/11/21, 117, 34, 29, 15, 2, 7
2022/11/22, 97, 24, 29, 14, 2, 6
2022/11/23, 57, 36, 27, 22, 2, 6
2022/11/24, 71, 41, 23, 24, 3, 6
2022/11/25, 71, 55, 35, 23, 3, 8
2022/11/26, 122, 32, 27, 16, 2, 6
2022/11/27, 73, 24, 24, 15, 2, 5
2022/11/28, 55, 24, 24, 7, 2, 6
2022/11/29, 60, 24, 21, 7, 2, 6
2022/11/30, 54, 30, 15, 12, 3, 8
2022/12/1, 64, 42, 12, 19, 4, 9
2022/12/2, 88, 34, 22, 19, 3, 9
2022/12/3, 96, 29, 25, 5, 3, 7
2022/12/4, 56, 18, 20, 8, 3, 4
2022/12/5, 45, 35, 23, 20, 3, 6
2022/12/6, 65, 49, 26, 28, 4, 7
2022/12/7, 104, 53, 19, 33, 3, 7
2022/12/8, 110, 32, , 29, 3, 8
2022/12/9, 78, 49, 25, 18, 3, 10
2022/12/10, 132, 37, 28, 8, 3, 6
2022/12/11, 97, 45, 22, 18, 4, 6
2022/12/12, 98, 87, 21, 25, 5, 8
2022/12/13, 141, 73, 23, 16, 4, 5
2022/12/14, 80, 54, 19, 26, 4, 5
2022/12/15, 70, 35, 22, 18, 4, 6
2022/12/16, 60, 40, 19, 8, 4, 5
2022/12/17, 77, 56, 21, 16, 4, 7
2022/12/18, 63, 51, 21, 29, 4, 7
2022/12/19, 79, 43, 26, 27, 4, 7
2022/12/20, 71, 64, 24, 22, 5, 8
2022/12/21, 118, 68, 24, 20, 4, 8
2022/12/22, 114, 33, 22, 14, 5, 8
2022/12/23, 61, 46, 24, 20, 5, 10
2022/12/24, 95, 41, 24, 18, 5, 9
2022/12/25, 96, 54, 18, 27, 5, 8
2022/12/26, 130, 64, 35, 23, 6, 10
2022/12/27, 161, 68, 28, 16, 5, 9
2022/12/28, 164, 33, 25, 14, 4, 6
2022/12/29, 92, 34, 21, 24, 4, 7
2022/12/30, 85, 68, 26, 36, 6, 11
2022/12/31, 158, 81, 20, 45, 5, 9
2023/1/1, 173, 53, 24, 17, 5, 6
2022/7/1, 29, 16, 21, 2, 1, 2
2022/7/2, 26, 17, 26, 3, 2, 2
2022/7/3, 33, 17, 31, 4, 2, 2
2022/7/4, 32, 33, 62, 4, 2, 3
2022/7/5, 58, 35, 58, 5, 2, 3
2022/7/6, 56, 32, 58, 6, 2, 4
2022/7/7, 63, 36, 58, 7, 2, 4
2022/7/8, 68, 41, 81, 9, 3, 4
2022/7/9, 77, 42, 60, 6, 2, 4
2022/7/10, 83, 24, 76, 7, 2, 5
2022/7/11, 53, 44, 84, 9, 3, 5
2022/7/12, 85, 34, 75, 9, 2, 5
2022/7/13, 80, 50, 78, 11, 2, 5
2022/7/14, 83, 40, 70, 10, 2, 4
2022/7/15, 89, 35, 47, 14, 2, 6
2022/7/16, 83, 39, 62, 9, 2, 4
2022/7/17, 96, 30, 53, 7, 2, 4
2022/7/18, 75, 29, 35, 10, 2, 4
2022/7/19, 76, 34, 55, 9, 2, 3
2022/7/20, 76, 29, 42, 9, 2, 4
2022/7/21, 62, 42, 98, 10, 2, 5
2022/7/22, 101, 37, 50, 6, 2, 4
2022/7/23, 87, 33, 99, 5, 3, 7
2022/7/24, 86, 33, 77, 4, 2, 4
2022/7/25, 79, 34, 80, 9, 2, 4
2022/7/26, 71, 37, 100, 12, 2, 4
2022/7/27, 71, 37, 99, 11, 3, 4
2022/7/28, 72, 17, 17, 3, 2, 3
2022/7/29, 31, 18, 21, 3, 2, 3
2022/7/30, 42, 25, 41, 4, 2, 5
2022/7/31, 57, 29, 56, 4, 2, 4
2022/8/1, 62, 38, 71, 5, 2, 4
2022/8/2, 94, 20, 42, 4, 2, 4
2022/8/3, 44, 22, 52, 5, 2, 4
2022/8/4, 47, 32, 94, 6, 3, 4
2022/8/5, 58, 39, 47, 15, 2, 6
2022/8/6, 68, 30, 65, 7, 2, 4
2022/8/7, 59, 26, 54, 4, 3, 4
2022/8/8, 43, 27, 69, 4, 2, 4
2022/8/9, 46, 30, 77, 6, 3, 4
2022/8/10, 53, 40, 81, 10, 3, 5
2022/8/11, 72, 46, 74, 15, 3, 5
2022/8/12, 84, 46, 90, 10, 3, 5
2022/8/13, 88, 39, 102, 8, 4, 5
2022/8/14, 72, 37, 90, 6, 3, 4
2022/8/15, 65, 36, 65, 7, 3, 4
2022/8/16, 70, 26, 64, 7, 2, 5
2022/8/17, 59, 32, 76, 7, 2, 4
2022/8/18, 68, 32, 90, 6, 3, 4
2022/8/19, 57, 41, 72, 9, 2, 5
2022/8/20, 71, 36, 54, 6, 2, 6
2022/8/21, 79, 34, 58, 11, 3, 5
2022/8/22, 74, 41, 97, 14, 3, 6
2022/8/23, 84, 31, 28, 6, 3, 5
2022/8/24, 52, 30, 40, 7, 3, 4
2022/8/25, 51, 30, 32, 11, 3, 5
2022/8/26, 55, 24, 38, 10, 2, 5
2022/8/27, 57, 26, 39, 4, 2, 4
2022/8/28, 41, 33, 67, 9, 2, 5
2022/8/29, 55, 32, 42, 8, 2, 6
2022/8/30, 77, 17, 34, 5, , 6
2022/8/31, 44, 25, 51, 5, 2, 7
2022/9/1, 53, 23, 39, 5, 2, 6
2022/9/2, 42, 13, 27, 4, 1, 5
2022/9/3, 23, 17, 21, 3, 1, 4
2022/9/4, 26, 9, 37, 2, 1, 3
2022/9/5, 17, 50, 95, 14, 2, 7
2022/9/6, 103, 53, 113, 16, 3, 6
2022/9/7, 114, 39, 44, 18, 3, 5
2022/9/8, 67, 25, 44, 9, 2, 4
2022/9/9, 47, 28, 55, 9, 2, 4
2022/9/10, 57, 29, 38, 6, 3, 4
2022/9/11, 51, 25, 25, 8, 2, 5
2022/9/12, 60, 14, 26, 5, 2, 4
2022/9/13, 34, 12, 20, 4, 1, 4
2022/9/14, 29, 14, 25, 6, 1, 4
2022/9/15, 35, 38, 44, 14, 2, 5
2022/9/16, 101, 39, 56, 15, 2, 7
2022/9/17, 105, 29, 62, 5, 2, 4
2022/9/18, 70, 48, 67, 5, 9, 5
2022/9/19, 78, 34, 47, 5, 6, 3
2022/9/20, 43, 28, 29, 10, 3, 3
2022/9/21, 32, 35, 42, 17, 3, 4
2022/9/22, 55, 46, 56, 16, 3, 4
2022/9/23, 65, 25, 36, 6, 3, 3
2022/9/24, 33, 29, 38, 9, 3, 4
2022/9/25, 40, 33, 39, 13, 3, 4
2022/9/26, 61, 20, 40, 10, 2, 3
2022/9/27, 45, 23, 29, 16, 2, 3
2022/9/28, 60, 22, 40, 16, 2, 3
2022/9/29, 55, 23, 25, 12, 2, 3
2022/9/30, 51, 32, 43, 11, 2, 3
2022/4/1, 63, 30, 50, 6, 2, 5
2022/4/2, 69, 23, 49, 7, 1, 3
2022/4/3, 61, 29, 51, 7, 1, 3
2022/4/4, 69, 36, 41, 12, 3, 4
2022/4/5, 70, 48, 71, 18, 3, 6
2022/4/6, 99, 54, 90, 14, 3, 4
2022/4/7, 107, 51, 85, 15, 5, 4
2022/4/8, 89, 45, 85, 10, 3, 4
2022/4/9, 69, 45, 67, 8, 3, 4
2022/4/10, 76, 47, 85, 10, 3, 4
2022/4/11, 85, 40, 77, 11, 3, 4
2022/4/12, 75, 23, 36, 6, 1, 5
2022/4/13, 61, 13, 31, 4, , 3
2022/4/14, 34, 25, 66, 4, 1, 4
2022/4/15, 53, 48, 56, 6, 2, 5
2022/4/16, 93, 32, 56, 7, 1, 3
2022/4/17, 68, 29, 63, 8, 2, 3
2022/4/18, 61, 50, 82, 15, 2, 5
2022/4/19, 110, 60, 95, 12, 8, 4
2022/4/20, 121, 53, 78, 8, 1, 4
2022/4/21, 120, 49, 67, 12, 3, 5
2022/4/22, 103, 22, 37, 7, 1, 3
2022/4/23, 58, 11, 38, 6, , 3
2022/4/24, 35, 24, 41, 7, 2, 3
2022/4/25, 70, 22, 32, 8, 1, 4
2022/4/26, 58, 48, 47, 6, 1, 3
2022/4/27, 57, 70, 36, 7, 1, 3
2022/4/28, 63, 21, 44, 4, 1, 3
2022/4/29, 49, 27, 47, 7, 1, 4
2022/4/30, 65, 32, 55, 6, 2, 3
2022/5/1, 74, 46, 72, 13, 1, 4
2022/5/2, 99, 53, 95, 17, 3, 4
2022/5/3, 115, 49, 79, 11, 3, 4
2022/5/4, 102, 28, 64, 8, 4, 3
2022/5/5, 60, 25, 75, 7, 2, 3
2022/5/6, 57, 19, 37, 8, 1, 3
2022/5/7, 52, 27, 48, 7, 1, 3
2022/5/8, 55, 24, 45, 7, 1, 3
2022/5/9, 47, 26, 39, 6, 1, 2
2022/5/10, 54, 29, 40, 6, 1, 2
2022/5/11, 61, 25, 39, 7, 1, 3
2022/5/12, 61, 22, 43, 7, 1, 4
2022/5/13, 61, 32, 55, 8, 2, 4
2022/5/14, 64, 35, 60, 12, 2, 3
2022/5/15, 72, 48, 86, 14, 2, 4
2022/5/16, 94, 51, 89, 13, 2, 4
2022/5/17, 106, 32, 76, 13, 3, 3
2022/5/18, 70, 32, 56, 8, 3, 3
2022/5/19, 70, 26, 32, , 1, 3
2022/5/20, 70, 21, 52, 16, 2, 2
2022/5/21, 58, 26, 68, 9, 4, 3
2022/5/22, 53, 18, 51, 5, 2, 2
2022/5/23, 31, 11, 44, 4, 1, 2
2022/5/24, 26, 19, 51, 6, 2, 2
2022/5/25, 32, 34, 34, 17, 3, 4
2022/5/26, 72, 46, 103, 13, 2, 4
2022/5/27, 89, 21, 54, 9, 3, 3
2022/5/28, 46, 16, 28, 11, 1, 3
2022/5/29, 32, 41, 56, 12, 1, 5
2022/5/30, 80, 17, 49, 10, 2, 2
2022/5/31, 15, 40, 57, 13, 1, 4
2022/6/1, 82, 51, 56, 12, 1, 4
2022/6/2, 121, 16, 37, 6, 1, 2
2022/6/3, 56, 24, 53, 8, 1, 2
2022/6/4, 68, 22, 27, 11, 1, 2
2022/6/5, 59, 33, 88, 7, 1, 3
2022/6/6, 70, 37, 50, 5, 1, 3
2022/6/7, 75, 25, 56, 9, 1, 2
2022/6/8, 49, 39, 74, 5, 1, 2
2022/6/9, 73, 19, 37, 10, 1, 2
2022/6/10, 40, 23, 47, 6, 1, 2
2022/6/11, 51, 28, 37, 8, 1, 2
2022/6/12, 64, 13, 30, 12, 1, 2
2022/6/13, 36, 47, 86, 14, 1, 3
2022/6/14, 100, 57, 100, 15, 2, 4
2022/6/15, 119, 56, 97, 15, 2, 4
2022/6/16, 112, 49, 106, 13, 2, 4
2022/6/17, 89, 34, 68, 9, 2, 3
2022/6/18, 62, 40, 56, 11, 1, 4
2022/6/19, 74, 16, 34, 8, 2, 2
2022/6/20, 29, 23, 44, 10, 1, 2
2022/6/21, 45, 34, 47, 10, 2, 2
2022/6/22, 66, 31, 38, 10, 2, 2
2022/6/23, 51, 21, 24, 14, 1, 2
2022/6/24, 40, 30, 58, 11, 2, 2
2022/6/25, 65, 32, 60, 9, 2, 2
2022/6/26, 62, 26, 47, 7, 2, 1
2022/6/27, 44, 28, 45, 8, 2, 2
2022/6/28, 50, 26, 41, 9, 2, 2
2022/6/29, 52, 21, 29, 7, 1, 2
2022/6/30, 36, 21, 26, 4, 2, 2
2022/1/3, 155, 47, 34, 25, 3, 8
2022/1/4, 132, 15, 28, 10, 3, 6
2022/1/5, 49, 20, 23, 8, 3, 6
2022/1/6, 49, 28, 22, 16, 3, 7
2022/1/7, 86, 32, 20, 20, 3, 8
2022/1/8, 94, 55, 21, 15, 3, 8
2022/1/9, 138, 86, 17, 18, 3, 11
2022/1/10, 182, 50, 21, 9, 3, 8
2022/1/11, 123, 44, 4, 25, 4, 8
2022/1/12, 127, 51, , 19, 3, 10
2022/1/13, 137, 23, , 17, 3, 7
2022/1/14, 66, 65, 6, 26, 4, 9
2022/1/15, 160, 70, 29, 23, 4, 10
2022/1/16, 163, 29, 15, 22, 3, 5
2022/1/17, 62, 38, 23, 16, 3, 6
2022/1/18, 104, 34, 22, 19, 3, 6
2022/1/19, 96, 35, 25, 7, 3, 7
2022/1/20, 96, 19, 24, 9, 3, 5
2022/1/21, 47, 19, 11, 22, 3, 6
2022/1/22, 61, 13, 27, 10, 2, 6
2022/1/23, 49, 58, 25, 6, 3, 7
2022/1/24, 125, 72, 22, 10, 3, 8
2022/1/25, 161, 51, 28, 11, 3, 6
2022/1/26, 116, 46, 30, 7, , 7
2022/1/27, 99, 28, 23, 7, 3, 5
2022/1/28, 54, 33, 23, 7, 3, 5
2022/1/29, 75, 34, 25, 10, 3, 6
2022/1/30, 78, 65, 34, 17, 4, 8
2022/1/31, 138, 96, 27, 11, 5, 9
2022/2/1, 147, 34, 25, 7, 4, 6
2022/2/2, 79, 18, 24, 7, 3, 5
2022/2/3, 52, 31, 32, 14, 3, 6
2022/2/4, 83, 48, 34, 12, 1, 6
2022/2/5, 116, 24, 33, 6, 1, 4
2022/2/6, 62, 9, 31, 8, 1, 4
2022/2/7, 32, 12, 28, 10, 1, 4
2022/2/8, 44, 23, 25, 15, 2, 5
2022/2/9, 63, 29, 35, 12, 1, 5
2022/2/10, 78, 45, 38, 13, 1, 5
2022/2/11, 112, 50, 36, 17, 2, 6
2022/2/12, 114, 50, 34, 16, 1, 6
2022/2/13, 114, 52, 39, 20, 1, 5
2022/2/14, 111, 57, 27, 13, 1, 6
2022/2/15, 118, 40, 34, 14, 1, 4
2022/2/16, 82, 27, 35, 8, , 4
2022/2/17, 60, 22, 31, 14, 1, 5
2022/2/18, 51, 29, 29, 9, 1, 5
2022/2/19, 72, 31, 32, 10, 1, 5
2022/2/20, 62, 43, 26, 24, 2, 6
2022/2/21, 86, 63, 32, 27, 4, 7
2022/2/22, 140, 45, 34, 14, 2, 6
2022/2/23, 92, 35, 31, 24, 3, 7
2022/2/24, 67, 31, 33, 23, 3, 4
2022/2/25, 64, 56, 43, 27, 2, 6
2022/2/26, 114, 71, 38, 17, 2, 7
2022/2/27, 115, 65, 65, 21, 4, 6
2022/2/28, 125, 84, 46, 18, 2, 8
2022/3/1, 166, 80, 46, 23, 3, 7
2022/3/2, 152, 81, 51, 29, 5, 7
2022/3/3, 143, 55, 38, 26, 2, 6
2022/3/4, 113, 83, 35, 18, 1, 5
2022/3/5, 97, 41, 33, 11, 1, 4
2022/3/6, 37, 44, 35, 17, 2, 5
2022/3/7, 73, 62, 38, 28, 3, 5
2022/3/8, 107, 62, 47, 20, 4, 5
2022/3/9, 103, 63, 48, 18, 4, 5
2022/3/10, 88, 62, 44, 33, 2, 6
2022/3/11, 97, 51, 50, 24, 2, 5
2022/3/12, 92, 49, 58, 14, 1, 5
2022/3/13, 95, 64, 44, 17, 2, 6
2022/3/14, 137, 59, 39, 17, 3, 6
2022/3/15, 98, 54, 70, 21, 4, 6
2022/3/16, 100, 17, 30, 11, , 4
2022/3/17, 49, 32, 26, 14, , 6
2022/3/18, 91, 58, 30, 15, 2, 8
2022/3/19, 151, 25, 30, 10, 1, 5
2022/3/20, 69, 20, 38, 8, , 3
2022/3/21, 68, 25, 40, 7, 1, 4
2022/3/22, 56, 35, 47, 13, 1, 4
2022/3/23, 74, 28, 44, 13, 4, 2
2022/3/24, 55, 16, 35, 10, 1, 3
2022/3/25, 45, 35, 43, 9, 8, 5
2022/3/26, 84, 60, 45, 17, 4, 5
2022/3/27, 103, 35, 37, 8, 1, 2
2022/3/28, 51, 35, 45, 9, 7, 2
2022/3/29, 53, 42, 59, 12, 2, 6
2022/3/30, 81, 43, 39, 7, 1, 5
2022/3/31, 83, 30, 46, 5, 2, 4
2021/10/1, 59, 30, 84, 13, 4, 5
2021/10/2, 71, 30, 53, 9, 4, 4
2021/10/3, 57, 27, 42, 7, 3, 4
2021/10/4, 55, 30, 49, 9, 5, 4
2021/10/5, 53, 24, 30, 7, 3, 4
2021/10/6, 50, 15, 23, 9, 3, 4
2021/10/7, 46, 22, 30, 10, 3, 4
2021/10/8, 52, 19, 21, 12, 3, 4
2021/10/9, 45, 20, 27, 10, 3, 4
2021/10/10, 48, 15, 27, 6, 3, 4
2021/10/11, 28, 26, 34, 7, 3, 5
2021/10/12, 38, 15, 20, 12, 3, 4
2021/10/13, 41, 21, 15, 12, 3, 4
2021/10/14, 48, 23, 32, 14, 3, 5
2021/10/15, 61, 16, 31, 6, 3, 4
2021/10/16, 34, 21, 25, 7, 3, 4
2021/10/17, 30, 30, 17, 19, 3, 5
2021/10/18, 45, 46, 32, 20, 3, 7
2021/10/19, 98, 17, 27, 14, 2, 4
2021/10/20, 45, 28, 21, 18, 2, 6
2021/10/21, 80, 57, 38, 23, 3, 7
2021/10/22, 149, 30, 39, 23, 2, 5
2021/10/23, 78, 21, 39, 20, 2, 5
2021/10/24, 50, 26, 37, 21, 2, 5
2021/10/25, 68, 31, 34, 30, 2, 6
2021/10/26, 76, 43, 48, 27, 3, 7
2021/10/27, 104, 31, 35, 22, 2, 5
2021/10/28, 69, 31, 37, 24, 3, 6
2021/10/29, 66, 30, 47, 25, 3, 7
2021/10/30, 70, 28, 34, 21, 2, 6
2021/10/31, 65, 49, 54, 22, 2, 7
2021/11/1, 118, 42, 35, 18, 2, 7
2021/11/2, 103, 40, 32, 30, 3, 6
2021/11/3, 78, 36, 39, 22, 2, 5
2021/11/4, 79, 17, 34, 13, 2, 5
2021/11/5, 59, 17, 30, 15, 2, 5
2021/11/6, 43, 20, 27, 17, 2, 5
2021/11/7, 50, 25, 24, 12, 2, 5
2021/11/8, 61, 38, 25, 23, 3, 6
2021/11/9, 80, 46, 22, 27, 3, 6
2021/11/10, 86, 49, 25, 29, 4, 8
2021/11/11, 99, 49, 23, 32, 4, 8
2021/11/12, 83, 63, 23, 43, 4, 9
2021/11/13, 140, 61, 30, 40, 4, 8
2021/11/14, 135, 63, 44, 42, 4, 9
2021/11/15, 139, 50, 30, 44, 3, 7
2021/11/16, 108, 49, 29, 39, 2, 8
2021/11/17, 114, 31, 25, 26, 2, 6
2021/11/18, 72, 34, 27, 25, 2, 6
2021/11/19, 75, 36, 38, 20, 2, 6
2021/11/20, 77, 37, 25, 19, 2, 7
2021/11/21, 92, 53, 19, 13, 3, 8
2021/11/22, 92, 49, 17, 24, 3, 7
2021/11/23, 76, 56, 16, 35, 4, 8
2021/11/24, 106, 62, 13, 40, 4, 9
2021/11/25, 119, 68, 35, 41, 5, 13
2021/11/26, 156, 32, 33, 25, 3, 7
2021/11/27, 68, 20, 24, 19, 2, 6
2021/11/28, 32, 25, 11, 25, 2, 7
2021/11/29, 59, 43, 22, 15, 2, 9
2021/11/30, 108, 30, 18, 19, 3, 6
2021/12/1, 66, 43, 16, 29, 4, 6
2021/12/2, 96, 58, 19, 35, 5, 7
2021/12/3, 134, 62, 1, 37, 5, 10
2021/12/4, 135, 27, 26, 27, 3, 5
2021/12/5, 65, 29, 24, 31, 3, 4
2021/12/6, 75, 50, 38, 27, 3, 7
2021/12/7, 129, 40, 28, 20, 3, 5
2021/12/8, 105, 53, 11, 41, 3, 6
2021/12/9, 120, 78, 36, 34, 7, 9
2021/12/10, 174, 55, 32, 27, 3, 6
2021/12/11, 147, 43, 30, 14, 3, 5
2021/12/12, 119, 27, 21, 20, 3, 4
2021/12/13, 65, 45, 10, 35, 3, 6
2021/12/14, 108, 51, 9, 37, 4, 9
2021/12/15, 137, 33, 16, 25, 2, 7
2021/12/16, 98, 55, 22, 15, 3, 5
2021/12/17, 103, 38, 18, 24, 3, 6
2021/12/18, 78, 56, 13, 35, 4, 7
2021/12/19, 134, 51, 20, 43, 4, 6
2021/12/20, 134, 70, 9, 52, 5, 10
2021/12/21, 160, 69, 20, 40, 3, 10
2021/12/22, 164, 30, 19, 32, 3, 6
2021/12/23, 75, 27, 23, 23, 3, 5
2021/12/24, 64, 17, 23, 6, 3, 4
2021/12/25, 50, 26, 19, 9, 3, 8
2021/12/26, 76, 34, 15, 19, 5, 10
2021/12/27, 85, 58, 2, 37, 5, 12
2021/12/28, 143, 59, 18, 28, 4, 10
2021/12/29, 152, 70, 11, 37, 6, 13
2021/12/30, 166, 57, 22, 26, 5, 11
2021/12/31, 136, 27, 13, 24, 3, 6
2022/1/1, 61, 60, 29, 24, 4, 9
2022/1/2, 152, 59, 20, 34, 3, 10
2021/7/1, 56, 20, 17, 14, 2, 3
2021/7/2, 64, 29, 31, 14, 2, 3
2021/7/3, 81, 32, 26, 14, 2, 4
2021/7/4, 94, 33, 69, 12, 2, 3
2021/7/5, 82, 20, 47, 11, 3, 2
2021/7/6, 47, 26, 63, 12, 2, 2
2021/7/7, 59, 27, 36, 17, 2, 4
2021/7/8, 69, 24, 55, 13, 2, 5
2021/7/9, 68, 19, 56, 13, 2, 5
2021/7/10, 52, 39, 68, 17, 2, 7
2021/7/11, 95, 38, 77, 14, 3, 6
2021/7/12, 88, 35, 73, 15, 3, 6
2021/7/13, 78, 25, 67, 12, 4, 4
2021/7/14, 60, 21, 53, 10, 2, 2
2021/7/15, 45, 17, 33, 9, 2, 2
2021/7/16, 34, 17, 30, 7, 2, 2
2021/7/17, 38, 20, 39, 7, 2, 2
2021/7/18, 53, 16, 30, 7, 2, 2
2021/7/19, 36, 20, 19, 6, 2, 2
2021/7/20, 36, 18, 26, 6, 2, 2
2021/7/21, 40, 22, 26, 6, 2, 2
2021/7/22, 45, 21, 22, 5, 2, 2
2021/7/23, 42, 16, 15, 4, 2, 2
2021/7/24, 34, 9, 28, 2, 1, 3
2021/7/25, 22, 7, 25, 5, 1, 2
2021/7/26, 20, 12, 25, 7, 1, 3
2021/7/27, 37, 17, 28, 7, 1, 3
2021/7/28, 49, 26, 42, 15, 2, 4
2021/7/29, 70, 32, 94, 18, 3, 6
2021/7/30, 78, 34, 40, 15, 2, 5
2021/7/31, 88, 26, 38, 17, 2, 5
2021/8/1, 74, 14, 25, 9, 2, 3
2021/8/2, 46, 13, 18, 8, , 3
2021/8/3, 34, 16, 20, 7, , 3
2021/8/4, 33, 17, 14, 6, 2, 3
2021/8/5, 33, 18, 15, 7, 2, 3
2021/8/6, 42, 17, 28, 7, 2, 3
2021/8/7, 46, 19, 40, 7, 2, 4
2021/8/8, 45, 33, 79, 13, 3, 5
2021/8/9, 71, 25, 53, 13, 2, 4
2021/8/10, 64, 20, 22, 19, 2, 5
2021/8/11, 61, 16, 28, 15, 2, 5
2021/8/12, 53, 10, 35, 8, 2, 4
2021/8/13, 30, 13, 39, 11, 2, 5
2021/8/14, 42, 10, 33, 11, , 4
2021/8/15, 35, 12, 28, 11, , 4
2021/8/16, 42, 17, 33, 14, 2, 5
2021/8/17, 52, 25, 56, 14, 2, 6
2021/8/18, 68, 26, 66, 11, 2, 4
2021/8/19, 65, 26, 64, 12, 2, 4
2021/8/20, 66, 30, 59, 13, 3, 6
2021/8/21, 78, 29, 52, 14, 2, 5
2021/8/22, 82, 23, 60, 10, 2, 3
2021/8/23, 54, 43, 50, 17, 2, 6
2021/8/24, 96, 41, 74, 19, 2, 8
2021/8/25, 93, 47, 76, 26, 2, 7
2021/8/26, 107, 31, 72, 13, 2, 6
2021/8/27, 77, 45, 83, 15, 3, 5
2021/8/28, 101, 31, 56, 13, 3, 4
2021/8/29, 67, 24, 52, 11, 3, 4
2021/8/30, 50, 23, 50, 11, 3, 4
2021/8/31, 50, 39, 89, 13, 2, 5
2021/9/1, 80, 37, 38, 20, 2, 6
2021/9/2, 81, 22, 32, 13, 2, 7
2021/9/3, 62, 18, 37, 9, 2, 4
2021/9/4, 43, 31, 52, 13, 3, 5
2021/9/5, 63, 51, 75, 17, 2, 9
2021/9/6, 132, 30, 46, 11, 3, 7
2021/9/7, 80, 19, 35, 13, 3, 5
2021/9/8, 45, 20, 42, 12, 2, 4
2021/9/9, 45, 22, 24, 16, 2, 4
2021/9/10, 58, 15, 18, 17, 2, 3
2021/9/11, 38, 9, 19, 9, 2, 2
2021/9/12, 22, 6, 13, 4, 2, 2
2021/9/13, 11, 15, 37, 4, 2, 3
2021/9/14, 36, 22, 33, 7, 2, 3
2021/9/15, 49, 19, 34, 9, 2, 3
2021/9/16, 43, 28, 47, 18, 3, 5
2021/9/17, 65, 31, 40, 21, 3, 5
2021/9/18, 67, 31, 69, 10, , 4
2021/9/19, 75, 30, 52, 12, 3, 6
2021/9/20, 77, 33, 65, 14, 3, 7
2021/9/21, 86, 44, 75, 21, 3, 6
2021/9/22, 104, 40, 71, 24, 4, 5
2021/9/23, 80, 29, 55, 12, 3, 4
2021/9/24, 69, 17, 46, 9, 3, 4
2021/9/25, 37, 22, 49, 9, 3, 4
2021/9/26, 46, 36, 60, 12, 4, 4
2021/9/27, 79, 39, 92, 16, 3, 5
2021/9/28, 93, 32, 74, 15, 3, 5
2021/9/29, 81, 12, 43, 9, 3, 4
2021/9/30, 36, 24, 70, 18, 3, 5
2021/4/1, 86, 47, 17, 24, 1, 9
2021/4/2, 127, 45, 29, 19, 1, 6
2021/4/3, 122, 32, 42, 9, 1, 3
2021/4/4, 68, 33, 41, 16, 2, 4
2021/4/5, 65, 30, 36, 20, 2, 3
2021/4/6, 60, 28, 35, 25, 2, 3
2021/4/7, 70, 35, 54, 24, 3, 4
2021/4/8, 90, 32, 41, 18, 2, 4
2021/4/9, 74, 36, 44, 20, 2, 3
2021/4/10, 71, 23, 33, 19, 1, 3
2021/4/11, 56, 28, 22, 22, 1, 5
2021/4/12, 82, 50, 39, 20, 2, 8
2021/4/13, 127, 24, 34, 14, 1, 3
2021/4/14, 53, 29, 31, 18, 3, 3
2021/4/15, 44, 53, 72, 26, 3, 6
2021/4/16, 133, 84, 39, 22, 2, 5
2021/4/17, 132, 42, 41, 23, 2, 3
2021/4/18, 61, 37, 61, 18, 3, 3
2021/4/19, 63, 33, 49, 14, 2, 3
2021/4/20, 56, 39, 44, 10, 3, 3
2021/4/21, 61, 39, 37, 15, 2, 3
2021/4/22, 64, 52, 37, 22, 2, 7
2021/4/23, 132, 35, 18, 17, 1, 6
2021/4/24, 96, 38, 29, 17, 1, 3
2021/4/25, 80, 30, 45, 17, 2, 3
2021/4/26, 66, 35, 24, 25, 1, 3
2021/4/27, 88, 54, 59, 26, 3, 7
2021/4/28, 144, 63, 58, 27, 2, 5
2021/4/29, 120, 60, 66, 23, 2, 4
2021/4/30, 88, 37, 49, 15, 2, 5
2021/5/1, 73, 30, 40, 14, 3, 3
2021/5/2, 61, 35, 58, 10, 2, 3
2021/5/3, 63, 21, 35, 11, 1, 4
2021/5/4, 63, 54, 84, 18, 3, 7
2021/5/5, 129, 48, 59, 23, 2, 3
2021/5/6, 66, 91, 66, 21, 2, 5
2021/5/7, 118, 92, 74, 25, 2, 5
2021/5/8, 141, 54, 89, 28, 3, 6
2021/5/9, 126, 32, 81, 20, 3, 4
2021/5/10, 66, 44, 20, 25, 2, 5
2021/5/11, 121, 23, 33, 14, 1, 2
2021/5/12, 66, 22, 30, 14, 1, 3
2021/5/13, 67, 32, 36, 20, 2, 4
2021/5/14, 92, 35, 55, 21, 2, 4
2021/5/15, 87, 22, 38, 14, 2, 5
2021/5/16, 59, 33, 56, 15, 2, 6
2021/5/17, 96, 31, 32, 25, 2, 4
2021/5/18, 79, 14, 40, 14, 2, 3
2021/5/19, 47, 29, 34, 19, 1, 5
2021/5/20, 82, 36, 52, 23, 2, 4
2021/5/21, 101, 23, 55, 14, 2, 3
2021/5/22, 66, 15, 41, 13, 1, 3
2021/5/23, 53, 32, 95, 16, 2, 4
2021/5/24, 85, 65, 101, 21, 3, 5
2021/5/25, 148, 33, 37, 29, 2, 4
2021/5/26, 89, 43, 55, 19, 2, 6
2021/5/27, 114, 47, 48, 21, 2, 5
2021/5/28, 110, 43, 84, 22, 3, 4
2021/5/29, 88, 45, 82, 21, 3, 4
2021/5/30, 122, 33, 56, 16, 2, 3
2021/5/31, 85, 26, 38, 11, 2, 2
2021/6/1, 65, 18, 34, 10, 2, 2
2021/6/2, 45, 45, 42, 20, 2, 4
2021/6/3, 116, 36, 68, 15, 2, 4
2021/6/4, 99, 40, 84, 20, 3, 3
2021/6/5, 93, 41, 113, 24, 4, 4
2021/6/6, 84, 28, 48, 22, 4, 2
2021/6/7, 51, 16, 39, 15, 2, 2
2021/6/8, 43, 19, 25, 13, 2, 2
2021/6/9, 59, 17, 23, 16, 2, 2
2021/6/10, 51, 31, 49, 20, 2, 4
2021/6/11, 89, 21, 38, 17, 2, 2
2021/6/12, 60, 30, 26, 19, 2, 4
2021/6/13, 87, 36, 22, 19, 2, 3
2021/6/14, 104, 31, 35, 16, 2, 3
2021/6/15, 84, 16, 26, 9, 2, 2
2021/6/16, 53, 21, 18, 19, , 3
2021/6/17, 64, 41, 26, 20, 2, 5
2021/6/18, 109, 21, 25, 23, 2, 4
2021/6/19, 59, 28, 39, 23, 2, 4
2021/6/20, 78, 37, 63, 18, 2, 3
2021/6/21, 96, 32, 50, 17, 3, 3
2021/6/22, 78, 34, 66, 25, 3, 3
2021/6/23, 75, 38, 64, 21, 3, 3
2021/6/24, 76, 27, 47, 11, 2, 2
2021/6/25, 59, 15, 26, 13, 2, 2
2021/6/26, 43, 18, 21, 14, 2, 3
2021/6/27, 60, 15, 30, 10, 2, 2
2021/6/28, 49, 18, 38, 11, 2, 2
2021/6/29, 53, 18, 35, 10, 2, 2
2021/6/30, 52, 21, 39, 9, 2, 2
2021/1/4, 69, 36, 24, 11, 3, 6
2021/1/5, 90, 37, 20, 11, 4, 6
2021/1/6, 95, 53, 20, 8, 5, 5
2021/1/7, 71, 42, 20, 14, 5, 7
2021/1/8, 72, 60, 19, 26, 6, 9
2021/1/9, 115, 69, 16, 31, 8, 12
2021/1/10, 147, 60, 18, 26, 7, 8
2021/1/11, 136, 83, 21, 27, 5, 6
2021/1/12, 110, 72, 11, 39, 6, 6
2021/1/13, 121, 67, 27, 47, 8, 7
2021/1/14, 138, 63, 18, 29, 5, 6
2021/1/15, 121, 54, 26, 9, 2, 3
2021/1/16, 75, 56, 23, 19, 2, 6
2021/1/17, 101, 77, 19, 38, 2, 8
2021/1/18, 148, 54, 1, 28, 2, 7
2021/1/19, 112, 27, , 17, 1, 4
2021/1/20, 48, 37, 1, 28, 2, 5
2021/1/21, 89, 51, 13, 23, , 7
2021/1/22, 116, 59, 22, 15, , 7
2021/1/23, 122, 59, 25, 21, 1, 8
2021/1/24, 149, 25, 21, 24, , 5
2021/1/25, 64, 30, 20, 23, , 11
2021/1/26, 88, 42, 25, 15, 2, 9
2021/1/27, 129, 68, 25, 19, 1, 9
2021/1/28, 147, 56, 19, 18, 4, 6
2021/1/29, 61, 54, 31, 23, 6, 6
2021/1/30, 80, 36, 15, 26, 2, 6
2021/1/31, 80, 55, , 34, 2, 10
2021/2/1, 146, 57, , 15, 1, 7
2021/2/2, 101, 53, 33, 19, 2, 4
2021/2/3, 74, 55, 34, 18, 2, 6
2021/2/4, 122, 35, 26, 22, 2, 5
2021/2/5, 87, 53, 21, 21, 1, 7
2021/2/6, 143, 61, 31, 36, 4, 9
2021/2/7, 153, 31, 30, 9, 2, 4
2021/2/8, 64, 19, 26, 12, 1, 1
2021/2/9, 47, 21, 22, 13, 2, 2
2021/2/10, 58, 21, 24, 13, 1, 2
2021/2/11, 65, 24, 35, 12, 1, 2
2021/2/12, 70, 29, 38, 13, 2, 2
2021/2/13, 80, 31, , 14, 2, 2
2021/2/14, 97, 39, 28, 8, 2, 4
2021/2/15, 105, 32, 36, 10, 2, 4
2021/2/16, 78, 31, 32, 7, 2, 4
2021/2/17, 66, 28, 33, 16, 2, 4
2021/2/18, 69, 40, 3, 27, 3, 6
2021/2/19, 104, 38, 39, 23, 2, 3
2021/2/20, 87, 37, 42, 28, 2, 3
2021/2/21, 82, 57, 7, 28, 4, 5
2021/2/22, 117, 31, 34, 8, 1, 1
2021/2/23, 45, 29, 32, 11, 1, 2
2021/2/24, 40, 37, 24, 16, 1, 3
2021/2/25, 62, 22, 31, 14, 1, 5
2021/2/26, 56, 22, 28, 11, 1, 3
2021/2/27, 46, 17, 22, 18, 1, 4
2021/2/28, 56, 25, 20, 19, 1, 5
2021/3/1, 88, 36, 30, 12, 1, 5
2021/3/2, 80, 39, 27, 18, 1, 4
2021/3/3, 56, 35, 31, 26, 1, 6
2021/3/4, 106, 35, 18, 28, 1, 5
2021/3/5, 109, 31, 29, 14, 1, 4
2021/3/6, 80, 19, 28, 11, 1, 4
2021/3/7, 57, 31, 30, 17, 1, 4
2021/3/8, 79, 31, 20, 25, 1, 4
2021/3/9, 78, 38, 41, 22, 1, 4
2021/3/10, 108, 53, 11, 24, 1, 6
2021/3/11, 122, 49, 35, 22, 1, 7
2021/3/12, 131, 50, , 30, 1, 6
2021/3/13, 148, 37, , 25, 1, 5
2021/3/14, 137, 52, 3, 28, 2, 6
2021/3/15, 122, 64, 37, 17, 1, 6
2021/3/16, 113, 62, 30, 17, 1, 4
2021/3/17, 61, 57, 27, 22, 1, 4
2021/3/18, 67, 36, 21, 24, 1, 3
2021/3/19, 69, 33, 32, 16, 1, 5
2021/3/20, 93, 67, 31, 15, 3, 7
2021/3/21, 132, 53, 36, 30, 3, 5
2021/3/22, 93, 55, 48, 32, 3, 5
2021/3/23, 129, 36, 30, 29, 2, 4
2021/3/24, 73, 56, 63, 28, 3, 5
2021/3/25, 106, 43, 37, 22, 2, 3
2021/3/26, 81, 32, 22, 19, 1, 5
2021/3/27, 87, 75, 50, 31, 2, 6
2021/3/28, 147, 61, 61, 26, 2, 6
2021/3/29, 132, 199, 39, 17, 1, 4
2021/3/30, 138, 98, 27, 21, 1, 4
2021/3/31, 109, 34, 24, 20, 1, 4
2020/10/1, 79, 30, 62, 8, 4, 3
2020/10/2, 64, 21, 31, 10, 4, 2
2020/10/3, 43, 15, 37, 5, 4, 3
2020/10/4, 18, 26, 32, 7, 4, 2
2020/10/5, 20, 24, 34, 8, 5, 3
2020/10/6, 48, 25, 35, 8, 4, 2
2020/10/7, 40, 28, 46, 9, 5, 2
2020/10/8, 52, 28, 43, 12, 4, 1
2020/10/9, 55, 31, 44, 15, 4, 2
2020/10/10, 65, 33, 44, 17, 5, 3
2020/10/11, 70, 30, 44, 13, 4, 3
2020/10/12, 64, 35, 39, 14, 4, 3
2020/10/13, 81, 30, 43, 14, 4, 2
2020/10/14, 52, 29, 35, 10, 4, 3
2020/10/15, 55, 21, 21, 17, 4, 2
2020/10/16, 65, 30, 42, 14, 4, 2
2020/10/17, 84, 30, 45, 14, 4, 3
2020/10/18, 77, 25, 40, 16, 4, 3
2020/10/19, 60, 39, 49, 23, 4, 3
2020/10/20, 79, 50, 25, 34, 5, 5
2020/10/21, 119, 67, 46, 24, 7, 7
2020/10/22, 143, 70, 40, 20, 6, 3
2020/10/23, 84, 37, 37, 18, 6, 3
2020/10/24, 71, 33, 37, 21, 5, 2
2020/10/25, 62, 31, 32, 20, 4, 2
2020/10/26, 66, 28, 35, 21, 4, 2
2020/10/27, 73, 36, 32, 20, 3, 2
2020/10/28, 74, 32, 30, 14, 1, 3
2020/10/29, 52, 32, 34, 18, 2, 4
2020/10/30, 55, 38, 31, 23, 1, 3
2020/10/31, 69, 45, 32, 25, 3, 5
2020/11/1, 99, 65, 50, 21, 1, 6
2020/11/2, 143, 40, 32, 13, 1, 3
2020/11/3, 64, 30, 26, 15, 2, 3
2020/11/4, 45, 26, 29, 15, 1, 3
2020/11/5, 49, 46, 34, 30, 3, 5
2020/11/6, 94, 78, 56, 43, 5, 11
2020/11/7, 171, 84, 41, 19, 4, 5
2020/11/8, 128, 54, 35, 17, 2, 3
2020/11/9, 64, 42, 36, 27, 2, 4
2020/11/10, 74, 31, 36, 25, 2, 4
2020/11/11, 63, 35, 32, 25, 1, 4
2020/11/12, 79, 26, 37, 27, 1, 3
2020/11/13, 62, 45, 41, 27, 2, 4
2020/11/14, 92, 44, 33, 30, 1, 4
2020/11/15, 102, 34, 25, 23, 1, 3
2020/11/16, 76, 25, 25, 13, 2, 3
2020/11/17, 54, 30, 29, 16, 2, 3
2020/11/18, 49, 39, 29, 21, 3, 8
2020/11/19, 100, 38, 25, 14, 1, 6
2020/11/20, 98, 29, 21, 15, 1, 3
2020/11/21, 43, 15, 21, 13, 1, 4
2020/11/22, 48, 29, 19, 13, 2, 5
2020/11/23, 74, 18, 17, 16, 1, 3
2020/11/24, 63, 14, 13, 21, 1, 3
2020/11/25, 50, 16, 19, 21, 1, 4
2020/11/26, 57, 26, 21, 13, 1, 3
2020/11/27, 77, 30, 25, 11, 2, 2
2020/11/28, 78, 31, 27, 13, 2, 3
2020/11/29, 85, 52, 30, 15, 3, 5
2020/11/30, 142, 29, 27, 16, 2, 3
2020/12/1, 75, 26, 19, 19, 2, 3
2020/12/2, 57, 48, 24, 15, 2, 8
2020/12/3, 129, 31, 20, 18, 2, 3
2020/12/4, 88, 35, 19, 24, 2, 4
2020/12/5, 90, 38, 18, 29, 2, 4
2020/12/6, 88, 38, 25, 23, 2, 4
2020/12/7, 103, 50, 26, 17, 3, 6
2020/12/8, 127, 29, 20, 28, 2, 4
2020/12/9, 69, 60, 4, 33, 4, 7
2020/12/10, 139, 73, 4, 28, 2, 8
2020/12/11, 170, 106, 30, 32, 5, 13
2020/12/12, 205, 92, 36, 31, 4, 11
2020/12/13, 185, 21, 20, 10, 2, 4
2020/12/14, 62, 24, 20, 14, 2, 4
2020/12/15, 68, 43, 21, 20, 5, 5
2020/12/16, 113, 36, 22, 21, 3, 4
2020/12/17, 96, 45, 20, 22, 3, 5
2020/12/18, 124, 42, 28, 18, 4, 5
2020/12/19, 108, 24, 25, 18, 2, 3
2020/12/20, 64, 51, 18, 36, 4, 7
2020/12/21, 120, 59, 16, 44, 4, 9
2020/12/22, 154, 49, 13, 34, 4, 5
2020/12/23, 127, 83, 32, 33, 5, 11
2020/12/24, 165, 58, 25, 27, 3, 6
2020/12/25, 100, 33, 15, 25, 2, 4
2020/12/26, 62, 54, 11, 29, 3, 9
2020/12/27, 128, 67, 26, 29, 3, 12
2020/12/28, 154, 25, 18, 23, 2, 4
2020/12/29, 65, 35, 21, 7, 3, 5
2020/12/30, 60, 48, 18, 16, 4, 6
2020/12/31, 89, 55, 17, 24, 4, 8
2021/1/1, 123, 59, 17, 29, 5, 8
2021/1/2, 152, 46, 21, 23, 3, 5
2021/1/3, 107, 34, 16, 25, 2, 3
2020/7/1, 61, 19, 36, 9, 2, 1
2020/7/2, 52, 17, 39, 9, 2, 1
2020/7/3, 50, 15, 33, 10, 2, 1
2020/7/4, 40, 23, 28, 17, 2, 2
2020/7/5, 70, 24, 18, 19, 2, 3
2020/7/6, 70, 26, 64, 16, 2, 3
2020/7/7, 70, 23, 30, 18, 2, 2
2020/7/8, 71, 16, 22, 14, 2, 1
2020/7/9, 58, 21, 27, 11, 2, 2
2020/7/10, 64, 26, 20, 16, 2, 2
2020/7/11, 80, 45, 78, 14, 3, 2
2020/7/12, 106, 30, 26, 17, 3, 4
2020/7/13, 78, 35, 27, 18, 3, 4
2020/7/14, 99, 17, 34, 17, 2, 3
2020/7/15, 57, 19, 31, 13, 3, 2
2020/7/16, 56, 22, 20, 16, 2, 2
2020/7/17, 69, 43, 48, 20, 3, 3
2020/7/18, 108, 42, 62, 16, 3, 3
2020/7/19, 97, 28, 17, 19, 3, 5
2020/7/20, 85, 52, 76, 17, 3, 4
2020/7/21, 136, 60, 79, 21, 3, 4
2020/7/22, 126, 36, 69, 13, 3, 2
2020/7/23, 76, 37, 52, 14, 3, 4
2020/7/24, 95, 60, 111, 15, 3, 5
2020/7/25, 146, 40, 86, 20, 3, 3
2020/7/26, 101, 36, 36, 14, 3, 3
2020/7/27, 89, 50, 64, 22, 3, 3
2020/7/28, 124, 27, 50, 17, 4, 2
2020/7/29, 60, 22, 34, 9, 3, 1
2020/7/30, 41, 26, 24, 6, 3, 1
2020/7/31, 44, 24, 45, 6, 3, 1
2020/8/1, 43, 28, 47, 7, 3, 1
2020/8/2, 50, 28, 24, 6, 3, 1
2020/8/3, 40, 23, 20, 4, 3, 1
2020/8/4, 30, 17, 24, 9, 3, 1
2020/8/5, 37, 28, 50, 12, 3, 2
2020/8/6, 64, 38, 56, 15, 3, 2
2020/8/7, 79, 31, 56, 11, 4, 2
2020/8/8, 66, 35, 74, 10, 3, 3
2020/8/9, 81, 32, 51, 13, 4, 3
2020/8/10, 73, 29, 56, 14, 4, 2
2020/8/11, 62, 28, 52, 12, 4, 2
2020/8/12, 54, 31, 74, 11, 4, 2
2020/8/13, 65, 40, 71, 15, 4, 3
2020/8/14, 79, 27, 61, 11, 4, 2
2020/8/15, 55, 33, 74, 10, 4, 2
2020/8/16, 64, 35, 47, 9, 4, 2
2020/8/17, 73, 42, 43, 8, 4, 2
2020/8/18, 83, 35, 44, 9, 4, 2
2020/8/19, 73, 34, 45, 11, 5, 3
2020/8/20, 72, 30, 35, 8, 4, 2
2020/8/21, 68, 32, 23, 9, 4, 2
2020/8/22, 68, 30, 31, 10, 4, 3
2020/8/23, 65, 22, 31, 10, 4, 3
2020/8/24, 43, 22, 41, 8, 4, 3
2020/8/25, 36, 28, 22, 11, 3, 4
2020/8/26, 47, 34, 62, 13, 3, 5
2020/8/27, 70, 20, 36, 12, 3, 4
2020/8/28, 60, 33, 25, 17, 3, 5
2020/8/29, 98, 36, 33, 15, 4, 5
2020/8/30, 96, 19, 25, 7, 4, 3
2020/8/31, 52, 21, 28, 7, 4, 4
2020/9/1, 46, 23, 33, 7, 4, 4
2020/9/2, 60, 49, 98, 19, 5, 7
2020/9/3, 104, 47, 95, 24, 5, 6
2020/9/4, 105, 33, 69, 15, 6, 5
2020/9/5, 50, 31, 62, 10, 4, 5
2020/9/6, 57, 65, 124, 23, 7, 8
2020/9/7, 119, 57, 106, 27, 6, 6
2020/9/8, 114, 39, 108, 17, 4, 3
2020/9/9, 77, 35, 60, 14, 5, 3
2020/9/10, 78, 27, 27, 21, 3, 3
2020/9/11, 72, 27, 45, 15, 4, 3
2020/9/12, 68, 25, 54, 13, 4, 3
2020/9/13, 65, 25, 31, 18, 3, 3
2020/9/14, 72, 23, 14, 24, 3, 3
2020/9/15, 68, 42, 59, 19, 4, 6
2020/9/16, 117, 27, 38, 14, 3, 4
2020/9/17, 70, 26, 29, 23, 3, 3
2020/9/18, 110, 61, 29, 29, 8, 7
2020/9/19, 158, 39, 48, 26, 4, 4
2020/9/20, 102, 39, 36, 31, 4, 3
2020/9/21, 100, 32, 44, 24, 4, 3
2020/9/22, 77, 26, 24, 23, 3, 3
2020/9/23, 69, 31, 40, 18, 4, 3
2020/9/24, 87, 29, 40, 17, 4, 2
2020/9/25, 75, 26, 37, 14, 4, 2
2020/9/26, 70, 23, 38, 12, 4, 2
2020/9/27, 62, 25, 34, 14, 4, 1
2020/9/28, 63, 24, 34, 16, 4, 2
2020/9/29, 46, 31, 43, 17, 4, 3
2020/9/30, 45, 38, 58, 11, 4, 4
2020/4/1, 109, 39, 38, 16, 3, 3
2020/4/2, 64, 44, 43, 19, 4, 4
2020/4/3, 90, 59, 68, 24, 5, 5
2020/4/4, 135, 36, 42, 10, 5, 5
2020/4/5, 51, 36, 32, 18, 3, 3
2020/4/6, 62, 42, 34, 29, 5, 5
2020/4/7, 91, 41, 52, 27, 4, 3
2020/4/8, 92, 49, 53, 19, 4, 3
2020/4/9, 114, 39, 44, 12, 3, 2
2020/4/10, 81, 26, 37, 11, 3, 2
2020/4/11, 70, 50, 52, 13, 4, 5
2020/4/12, 127, 59, 62, 22, 5, 6
2020/4/13, 141, 61, 76, 31, 5, 4
2020/4/14, 156, 57, 64, 31, 5, 4
2020/4/15, 128, 51, 71, 22, 5, 3
2020/4/16, 110, 65, 34, 29, 4, 5
2020/4/17, 134, 57, 47, 20, 4, 5
2020/4/18, 116, 32, 44, 11, 3, 4
2020/4/19, 93, 52, 83, 21, 4, 6
2020/4/20, 141, 31, 36, 15, 3, 2
2020/4/21, 66, 44, 51, 23, 3, 3
2020/4/22, 84, 39, 48, 13, 2, 3
2020/4/23, 75, 52, 73, 27, 3, 3
2020/4/24, 110, 55, 70, 27, 4, 3
2020/4/25, 121, 55, 44, 13, 2, 3
2020/4/26, 95, 30, 41, 13, 2, 2
2020/4/27, 62, 32, 45, 22, 2, 2
2020/4/28, 71, 40, 71, 15, 4, 2
2020/4/29, 72, 49, 108, 19, 3, 3
2020/4/30, 105, , , , , 
2020/6/16, 76, 44, 53, 15, 1, 2
2020/6/17, 112, 31, 29, 14, 1, 3
2020/6/18, 79, 24, 57, 10, 1, 2
2020/6/19, 68, 41, 45, 14, 1, 2
2020/6/20, 113, 14, 31, 10, 1, 1
2020/6/21, 50, 17, 31, 10, 1, 1
2020/6/22, 48, 23, 40, 11, 1, 1
2020/6/23, 67, 31, 40, 18, 1, 3
2020/6/24, 92, 39, 33, 15, 2, 3
2020/6/25, 111, 36, 61, 12, 2, 3
2020/6/26, 100, 28, 27, 14, 2, 2
2020/6/27, 79, 19, 27, 19, 2, 2
2020/6/28, 63, 26, 30, 12, 2, 2
2020/6/29, 77, 25, 86, 12, 3, 2
2020/6/30, 70, 21, 54, 11, 2, 1
2020/1/1, 58, 32, 11, 25, 3, 6
2020/1/2, 60, 41, 8, 19, 3, 7
2020/1/3, 107, 52, 20, 19, 3, 8
2020/1/4, 136, 40, 24, 16, 3, 7
2020/1/5, 99, 29, 26, 21, 3, 7
2020/1/6, 68, 33, 7, 21, 3, 11
2020/1/7, 94, 38, 19, 16, 3, 9
2020/1/8, 103, 43, 19, 17, 3, 4
2020/1/9, 120, 18, 20, 15, 2, 2
2020/1/10, 60, 33, 19, 12, 3, 3
2020/1/11, 98, 87, 22, 19, 5, 8
2020/1/12, 183, 93, 20, 23, 4, 9
2020/1/13, 189, 95, 25, 20, 5, 9
2020/1/14, 193, 38, 21, 17, 3, 4
2020/1/15, 112, 12, 22, 9, 3, 3
2020/1/16, 24, 38, 22, 11, 3, 4
2020/1/17, 93, 61, 20, 13, 5, 6
2020/1/18, 158, 65, 26, 19, 4, 7
2020/1/19, 162, 85, 42, 24, 6, 10
2020/1/20, 183, 76, 44, 25, 4, 8
2020/1/21, 173, 65, 22, 17, 3, 9
2020/1/22, 162, 31, 28, 8, 3, 5
2020/1/23, 90, 46, 39, 4, 4, 5
2020/1/24, 116, 17, 29, 3, 3, 4
2020/1/25, 50, 18, 33, 2, 3, 4
2020/1/26, 48, 23, 33, 2, 3, 4
2020/1/27, 71, 67, 26, 4, 4, 8
2020/1/28, 164, 58, 41, 4, 5, 7
2020/1/29, 154, 61, 40, 5, 5, 9
2020/1/30, 158, 51, 36, 11, 5, 8
2020/1/31, 129, 32, 30, 20, 5, 6
2020/2/1, 93, 30, 39, 12, 4, 5
2020/2/2, 88, 57, 38, 11, 4, 7
2020/2/3, 145, 23, 35, 11, 3, 4
2020/2/4, 71, 28, 36, 10, 3, 5
2020/2/5, 76, 19, 30, 2, 3, 4
2020/2/6, 53, 22, 31, 2, 3, 5
2020/2/7, 68, 38, 32, 3, 3, 6
2020/2/8, 107, 65, 38, 7, 3, 8
2020/2/9, 161, 45, 41, 12, 4, 6
2020/2/10, 123, 36, 36, 6, 4, 6
2020/2/11, 101, 51, 55, 24, 9, 9
2020/2/12, 139, 47, 25, 9, 3, 6
2020/2/13, 126, 19, 25, 8, 2, 4
2020/2/14, 65, 16, 21, 7, 2, 5
2020/2/15, 54, 30, 32, 1, 3, 4
2020/2/16, 75, 23, 34, 4, 4, 4
2020/2/17, 60, 23, 33, 10, 4, 5
2020/2/18, 69, 20, 39, 8, 4, 3
2020/2/19, 59, 21, 32, 15, 3, 3
2020/2/20, 61, 29, 33, 12, 3, 4
2020/2/21, 81, 70, 45, 14, 5, 6
2020/2/22, 152, 50, 43, 10, 3, 4
2020/2/23, 96, 56, 47, 14, 5, 5
2020/2/24, 112, 51, 33, 15, 4, 6
2020/2/25, 122, 46, 32, 9, 3, 5
2020/2/26, 103, 40, 34, 9, 3, 5
2020/2/27, 86, 41, 29, 14, 3, 5
2020/2/28, 93, 25, 25, 13, 3, 5
2020/2/29, 76, 16, 30, 8, , 4
2020/3/1, 53, 27, 36, 7, 3, 7
2020/3/2, 75, 27, 29, 12, 3, 4
2020/3/3, 67, 32, 35, 12, 4, 7
2020/3/4, 88, 29, 38, 9, 4, 3
2020/3/5, 77, 30, 45, 9, 4, 2
2020/3/6, 75, 56, 42, 16, 4, 4
2020/3/7, 141, 25, 41, 10, 3, 2
2020/3/8, 69, 11, 35, 13, 3, 3
2020/3/9, 43, 30, 39, 11, 3, 3
2020/3/10, 89, 57, 45, 23, 4, 5
2020/3/11, 141, 48, 42, 13, 5, 4
2020/3/12, 120, 34, 30, 14, 3, 5
2020/3/13, 86, 39, 34, 13, 3, 3
2020/3/14, 75, 57, 44, 23, 5, 4
2020/3/15, 125, 32, 33, 12, 4, 2
2020/3/16, 59, 45, 54, 22, 5, 3
2020/3/17, 86, 59, 76, 28, 5, 4
2020/3/18, 141, 51, 36, 18, 4, 3
2020/3/19, 94, 48, 41, 20, 5, 3
2020/3/20, 56, 53, 58, 23, 6, 4
2020/3/21, 98, 49, 39, 14, 4, 5
2020/3/22, 121, 26, 34, 15, 3, 2
2020/3/23, 52, 33, 44, 19, 3, 3
2020/3/24, 79, 35, 48, 12, 5, 3
2020/3/25, 64, 39, 17, 26, 4, 5
2020/3/26, 108, 31, 33, 8, 2, 3
2020/3/27, 49, 21, 28, 8, 3, 3
2020/3/28, 29, 25, 25, 11, 3, 2
2020/3/29, 30, 20, 29, 14, 3, 3
2020/3/30, 49, 24, 32, 17, 3, 3
2020/3/31, 61, 40, 50, 12, 3, 4
2019/10/1, 39, 13, 17, 6, 2, 5
2019/10/2, 30, 26, 29, 15, 3, 6
2019/10/3, 58, 35, 41, 13, 3, 6
2019/10/4, 92, 32, 37, 8, 3, 6
2019/10/5, 76, 26, 35, 10, 3, 4
2019/10/6, 37, 41, 18, 18, 3, 6
2019/10/7, 88, 48, 25, 17, 3, 9
2019/10/8, 126, 48, 30, 18, 3, 7
2019/10/9, 100, 29, 49, 17, 4, 5
2019/10/10, 51, 46, 26, 18, 3, 6
2019/10/11, 109, 36, 47, 10, 3, 5
2019/10/12, 83, 33, 39, 14, 4, 5
2019/10/13, 63, 32, 30, 12, 3, 7
2019/10/14, 66, 22, 29, 8, 3, 4
2019/10/15, 32, 31, 31, 16, 4, 5
2019/10/16, 56, 28, 37, 14, 3, 4
2019/10/17, 64, 28, 41, 14, 3, 5
2019/10/18, 64, 39, 49, 19, 3, 6
2019/10/19, 94, 40, 53, 17, 3, 6
2019/10/20, 105, 40, 43, 20, 4, 7
2019/10/21, 102, 37, 41, 23, 3, 6
2019/10/22, 84, 40, 45, 16, 3, 5
2019/10/23, 102, 38, 29, 20, 3, 6
2019/10/24, 93, 60, 54, 21, 4, 7
2019/10/25, 151, 42, 29, 10, 3, 4
2019/10/26, 107, 36, 19, 19, 4, 6
2019/10/27, 72, 57, 30, 30, 4, 8
2019/10/28, 148, 112, 40, 27, 5, 9
2019/10/29, 153, 114, 40, 30, 5, 8
2019/10/30, 132, 115, 50, 35, 4, 8
2019/10/31, 138, 76, 45, 33, 4, 8
2019/11/1, 122, 84, 60, 28, 4, 9
2019/11/2, 153, 39, 42, 13, 3, 6
2019/11/3, 86, 44, 40, 12, 3, 7
2019/11/4, 87, 30, 37, 13, 3, 5
2019/11/5, 55, 26, 30, 20, 3, 6
2019/11/6, 56, 36, 43, 17, 3, 7
2019/11/7, 89, 27, 35, 11, 4, 6
2019/11/8, 50, 22, 33, 17, 4, 6
2019/11/9, 46, 48, 50, 23, 4, 7
2019/11/10, 111, 65, 33, 27, 5, 9
2019/11/11, 115, 56, 25, 21, 4, 7
2019/11/12, 77, 56, 40, 18, 5, 8
2019/11/13, 118, 61, 27, 16, 4, 5
2019/11/14, 66, 47, 37, 21, 4, 5
2019/11/15, 61, 40, 48, 20, 4, 5
2019/11/16, 69, 41, 30, 17, 4, 6
2019/11/17, 80, 73, 26, 12, 3, 6
2019/11/18, 120, 84, 25, 15, 5, 6
2019/11/19, 102, 59, 29, 18, 4, 6
2019/11/20, 76, 35, 20, 21, 4, 5
2019/11/21, 56, 43, 16, 21, 4, 7
2019/11/22, 77, 34, 10, 18, 3, 5
2019/11/23, 68, 33, 31, 14, 3, 6
2019/11/24, 84, 23, 24, 7, 2, 5
2019/11/25, 43, 24, 19, 13, 3, 5
2019/11/26, 54, 17, 21, 11, 3, 7
2019/11/27, 56, 24, 25, 8, 3, 5
2019/11/28, 52, 28, 18, 13, 3, 6
2019/11/29, 60, 26, 12, 20, 3, 5
2019/11/30, 54, 25, 17, 12, 3, 8
2019/12/1, 77, 57, 23, 17, 5, 11
2019/12/2, 141, 72, 27, 27, 6, 12
2019/12/3, 166, 83, 18, 32, 7, 14
2019/12/4, 177, 54, 28, 24, 6, 9
2019/12/5, 125, 22, 30, 8, 4, 5
2019/12/6, 47, 39, 33, 18, 4, 6
2019/12/7, 105, 67, 33, 30, 5, 10
2019/12/8, 160, 69, 23, 37, 5, 9
2019/12/9, 161, 64, 24, 35, 5, 9
2019/12/10, 158, 81, 33, 27, 6, 12
2019/12/11, 177, 39, 25, 24, 4, 9
2019/12/12, 97, 40, 29, 39, 4, 7
2019/12/13, 86, 54, 31, 35, 4, 8
2019/12/14, 124, 26, 23, 22, 3, 6
2019/12/15, 55, 34, 27, 30, 3, 8
2019/12/16, 82, 58, 6, 31, 3, 13
2019/12/17, 145, 40, 21, 14, 2, 8
2019/12/18, 124, 36, 17, 19, 3, 7
2019/12/19, 127, 45, 13, 28, 4, 9
2019/12/20, 126, 37, 21, 26, 3, 7
2019/12/21, 103, 21, 25, 14, 3, 7
2019/12/22, 59, 29, 26, 17, 2, 6
2019/12/23, 86, 35, 23, 16, 3, 6
2019/12/24, 88, 30, 14, 27, 2, 6
2019/12/25, 70, 30, 18, 16, 2, 9
2019/12/26, 90, 64, 22, 24, 4, 10
2019/12/27, 156, 61, 28, 25, 4, 10
2019/12/28, 153, 40, 12, 25, 4, 8
2019/12/29, 108, , , , , 
2019/7/1, 65, 23, 31, 14, 4, 5
2019/7/2, 61, 27, 40, 9, 4, 5
2019/7/3, 73, 39, 41, 14, 4, 6
2019/7/4, 103, 39, 42, 14, 4, 5
2019/7/5, 103, 38, 42, 11, 4, 5
2019/7/6, 102, 34, 88, 12, 4, 7
2019/7/7, 92, 53, 67, 16, 4, 8
2019/7/8, 132, 16, 23, 10, 4, 5
2019/7/9, 52, 16, 24, 11, 4, 6
2019/7/10, 54, 33, 25, 22, 4, 7
2019/7/11, 97, 30, 17, 20, 4, 6
2019/7/12, 90, 11, 29, 11, 4, 6
2019/7/13, 35, 34, 59, 17, 4, 7
2019/7/14, 98, 26, 41, 13, 4, 7
2019/7/15, 73, 19, 24, 9, 4, 7
2019/7/16, 55, 22, 25, 8, 4, 5
2019/7/17, 60, 17, 2, 6, 4, 6
2019/7/18, 31, 18, 12, 7, 4, 7
2019/7/19, 35, 28, 39, 13, 4, 6
2019/7/20, 77, 38, 68, 14, 4, 7
2019/7/21, 102, 38, 55, 10, 4, 6
2019/7/22, 95, 33, 63, 11, 4, 5
2019/7/23, 73, 40, 49, 18, 4, 7
2019/7/24, 91, 42, 49, 20, 4, 7
2019/7/25, 98, 50, 72, 19, 5, 8
2019/7/26, 116, 46, 44, 22, 4, 7
2019/7/27, 96, 30, 48, 11, 4, 5
2019/7/28, 65, 25, 62, 11, 4, 5
2019/7/29, 53, 26, 56, 11, 4, 5
2019/7/30, 52, 22, 46, 12, 5, 3
2019/7/31, 45, 19, 28, 9, 4, 3
2019/8/1, 29, 17, 19, 8, 3, 3
2019/8/2, 27, 19, 16, 7, 3, 
2019/8/3, 40, 12, 12, 12, , 4
2019/8/4, 26, 18, 14, 8, 2, 4
2019/8/5, 27, 22, 27, 9, 3, 4
2019/8/6, 53, 29, 29, 8, 3, 3
2019/8/7, 75, 20, 10, 7, 2, 4
2019/8/8, 37, 22, 8, 5, 2, 3
2019/8/9, 32, 15, 23, 3, 2, 3
2019/8/10, 35, 11, 27, 6, 2, 4
2019/8/11, 27, 29, 56, 16, 3, 5
2019/8/12, 62, 41, 64, 22, 3, 7
2019/8/13, 102, 46, 96, 22, 3, 7
2019/8/14, 117, 43, 80, 14, 4, 9
2019/8/15, 111, 46, 99, 16, 3, 7
2019/8/16, 119, 55, 111, 14, 3, 6
2019/8/17, 139, 35, 61, 11, 3, 5
2019/8/18, 91, 23, 52, 13, 3, 5
2019/8/19, 57, 23, 45, 12, 3, 5
2019/8/20, 54, 32, 71, 15, 3, 5
2019/8/21, 71, 44, 66, 19, 3, 6
2019/8/22, 104, 36, 44, 13, 3, 6
2019/8/23, 91, 30, 33, 13, , 4
2019/8/24, 77, 18, 16, 8, , 3
2019/8/25, 34, 25, 49, 10, 3, 4
2019/8/26, 52, 36, 56, 16, 3, 5
2019/8/27, 75, 27, 27, 14, 3, 5
2019/8/28, 69, 23, 30, 18, 2, 5
2019/8/29, 69, 49, 67, 21, 4, 8
2019/8/30, 132, 46, 56, 17, 3, 7
2019/8/31, 105, 15, 36, 13, 2, 5
2019/9/1, 48, 9, 26, 16, 2, 5
2019/9/2, 33, 18, 10, 23, 3, 6
2019/9/3, 55, 38, 12, 23, 2, 7
2019/9/4, 104, 17, 5, 16, 2, 3
2019/9/5, 46, 11, 9, 9, 2, 3
2019/9/6, 25, 29, 46, 16, 3, 5
2019/9/7, 64, 44, 59, 21, 4, 8
2019/9/8, 113, 30, 35, 15, 3, 5
2019/9/9, 81, 43, 106, 21, 3, 6
2019/9/10, 96, 35, 43, 14, 3, 6
2019/9/11, 94, 25, 38, 17, 3, 6
2019/9/12, 58, 24, 40, 13, 3, 4
2019/9/13, 54, 28, 31, 11, 4, 5
2019/9/14, 53, 20, 41, 7, 3, 6
2019/9/15, 45, 27, 51, 11, 4, 7
2019/9/16, 50, 35, 44, 11, 3, 6
2019/9/17, 71, 29, 49, 10, 3, 5
2019/9/18, 42, 25, 35, 7, 3, 4
2019/9/19, 31, 26, 46, 11, 4, 6
2019/9/20, 39, 17, 38, 8, 3, 4
2019/9/21, 35, 19, 35, 6, 2, 4
2019/9/22, 29, 37, 40, 17, 3, 7
2019/9/23, 64, 51, 80, 27, 4, 8
2019/9/24, 97, 47, 64, 29, 4, 8
2019/9/25, 108, 29, 42, 20, 3, 5
2019/9/26, 64, 31, 43, 20, 3, 6
2019/9/27, 73, 36, 40, 16, 3, 5
2019/9/28, 83, 33, 41, 14, 3, 6
2019/9/29, 83, 33, 34, 14, 2, 8
2019/9/30, 79, 14, 16, 7, 2, 4
2019/4/1, 79, 55, 43, 25, 5, 6
2019/4/2, 95, 54, 37, 29, 4, 7
2019/4/3, 117, 38, 35, 16, 3, 4
2019/4/4, 102, 60, 81, 21, 5, 6
2019/4/5, 151, 54, 64, 21, 5, 5
2019/4/6, 133, 74, 85, 22, 6, 7
2019/4/7, 154, 69, 66, 24, 4, 6
2019/4/8, 159, 39, 37, 11, 3, 4
2019/4/9, 103, 21, 37, 9, 3, 3
2019/4/10, 60, 33, 43, 18, 4, 6
2019/4/11, 77, 54, 59, 27, 5, 6
2019/4/12, 136, 33, 59, 13, 4, 3
2019/4/13, 82, 48, 47, 19, 5, 6
2019/4/14, 126, 52, 45, 17, 4, 4
2019/4/15, 109, 40, 40, 14, 4, 3
2019/4/16, 67, 52, 62, 23, 4, 5
2019/4/17, 140, 54, 94, 19, 4, 5
2019/4/18, 131, 47, 38, 20, 4, 4
2019/4/19, 122, 25, 34, 11, 3, 3
2019/4/20, 63, 29, 19, 15, 3, 3
2019/4/21, 79, 21, 17, 17, 3, 3
2019/4/22, 65, 43, 37, 22, 4, 7
2019/4/23, 117, 75, 29, 30, 4, 9
2019/4/24, 171, 41, 35, 18, 4, 7
2019/4/25, 108, 31, 32, 11, 3, 5
2019/4/26, 70, 32, 46, 18, 4, 4
2019/4/27, 63, 36, 31, 18, 3, 5
2019/4/28, 99, 35, 22, 20, 3, 4
2019/4/29, 102, 23, 28, 13, 3, 4
2019/4/30, 73, 64, 62, 19, 5, 7
2019/5/1, 137, 62, 49, 24, 4, 4
2019/5/2, 105, 52, 52, 24, 4, 6
2019/5/3, 91, 47, 68, 23, 4, 4
2019/5/4, 89, 45, 62, 11, 4, 4
2019/5/5, 109, 42, 43, 10, 4, 3
2019/5/6, 76, 37, 46, 14, 4, 3
2019/5/7, 60, 37, 49, 14, 4, 3
2019/5/8, 67, 45, 103, 18, 5, 4
2019/5/9, 111, 47, 91, 16, 5, 4
2019/5/10, 119, 52, 115, 20, 6, 4
2019/5/11, 129, 48, 85, 15, 5, 4
2019/5/12, 121, 41, 44, 16, 5, 3
2019/5/13, 107, 40, 40, 10, 4, 3
2019/5/14, 112, 24, 24, 11, 3, 3
2019/5/15, 58, 45, 18, 19, 3, 5
2019/5/16, 115, 28, 25, 16, 4, 6
2019/5/17, 49, 36, 34, 13, 4, 5
2019/5/18, 50, 49, 58, 15, 4, 6
2019/5/19, 142, 54, 47, 14, 5, 4
2019/5/20, 84, 60, 92, 20, 6, 4
2019/5/21, 93, 60, 97, 23, 6, 5
2019/5/22, 111, 66, 135, 24, 7, 6
2019/5/23, 149, 52, 90, 18, 5, 4
2019/5/24, 103, 39, 49, 9, 4, 3
2019/5/25, 66, 24, 31, 9, 3, 3
2019/5/26, 68, 29, 43, 7, 3, 5
2019/5/27, 81, 27, 44, 11, 4, 4
2019/5/28, 35, 44, 43, 33, 4, 5
2019/5/29, 82, 38, 49, 24, 4, 4
2019/5/30, 71, 57, 69, 18, 4, 7
2019/5/31, 143, 42, 43, 16, 3, 4
2019/6/1, 112, 25, 57, 13, 3, 3
2019/6/2, 65, 29, 69, 11, 4, 4
2019/6/3, 76, 37, 87, 13, 4, 5
2019/6/4, 94, 44, 73, 11, 3, 5
2019/6/5, 115, 28, 39, 8, 3, 4
2019/6/6, 67, 22, 49, 8, 4, 4
2019/6/7, 62, 28, 71, 8, 3, 4
2019/6/8, 77, 28, 72, 8, 3, 4
2019/6/9, 79, 40, 52, 10, 4, 6
2019/6/10, 113, 31, 48, 9, 5, 7
2019/6/11, 82, 22, 44, 9, 4, 3
2019/6/12, 58, 24, 39, 9, 4, 4
2019/6/13, 65, 21, 47, 9, 3, 4
2019/6/14, 54, 50, 115, 16, 5, 6
2019/6/15, 130, 63, 120, 15, 6, 7
2019/6/16, 155, 36, 56, 14, 4, 5
2019/6/17, 81, 18, 26, 14, 3, 5
2019/6/18, 58, 30, 32, 13, , 6
2019/6/19, 81, 21, 27, 11, 4, 4
2019/6/20, 67, 18, 30, 8, 3, 6
2019/6/21, 57, 26, 33, 10, 4, 5
2019/6/22, 72, 29, 45, 8, 4, 5
2019/6/23, 79, 26, 51, 7, 4, 4
2019/6/24, 64, 19, 31, 9, 4, 4
2019/6/25, 44, 15, 19, 14, , 5
2019/6/26, 52, 33, 54, 14, 4, 5
2019/6/27, 95, 41, 91, 14, 4, 6
2019/6/28, 103, 41, 84, 14, , 8
2019/6/29, 115, 27, 28, 14, , 8
2019/6/30, 78, 23, 24, 13, , 6
2019/1/1, 79, 59, 22, 20, 6, 8
2019/1/2, 152, 52, 14, 30, 4, 8
2019/1/3, 135, 22, 18, 25, 3, 5
2019/1/4, 60, 31, 14, 20, 3, 7
2019/1/5, 89, 29, 23, 15, 3, 5
2019/1/6, 78, 31, 15, 21, 3, 7
2019/1/7, 86, 45, 30, 14, 4, 8
2019/1/8, 123, 23, 19, 17, 3, 6
2019/1/9, 67, 16, 14, 20, 2, 6
2019/1/10, 50, 15, 11, 23, 2, 6
2019/1/11, 55, 37, 6, 20, 4, 10
2019/1/12, 109, 59, 18, 21, 4, 10
2019/1/13, 161, 64, 27, 28, 4, 10
2019/1/14, 155, 74, 35, 20, 4, 12
2019/1/15, 169, 45, 24, 13, 4, 4
2019/1/16, 80, 84, 16, 35, 7, 11
2019/1/17, 163, 75, 34, 32, 6, 10
2019/1/18, 163, 69, 17, 33, 6, 9
2019/1/19, 156, 68, 31, 18, 6, 9
2019/1/20, 146, 59, 25, 29, 6, 7
2019/1/21, 119, 82, 20, 36, 7, 9
2019/1/22, 165, 83, 34, 44, 8, 10
2019/1/23, 170, 76, 29, 44, 7, 11
2019/1/24, 173, 39, 35, 25, 5, 7
2019/1/25, 98, 28, 28, 10, 3, 4
2019/1/26, 51, 36, 30, 22, 3, 5
2019/1/27, 67, 49, 18, 27, 4, 7
2019/1/28, 121, 59, 19, 23, 4, 10
2019/1/29, 117, 44, 18, 23, 3, 7
2019/1/30, 73, 20, 33, 7, 3, 6
2019/1/31, 43, 59, 27, 12, 3, 8
2019/2/1, 144, 57, 33, 13, 4, 8
2019/2/2, 134, 61, 16, 14, 4, 12
2019/2/3, 143, 88, 33, 10, 4, 11
2019/2/4, 145, 55, 31, 9, 3, 6
2019/2/5, 64, 52, 32, 14, 3, 7
2019/2/6, 124, 37, 31, 6, 3, 4
2019/2/7, 83, 18, 29, 6, 3, 3
2019/2/8, 40, 16, 31, 5, 3, 4
2019/2/9, 38, 24, 27, 8, 4, 4
2019/2/10, 57, 25, 28, 9, 4, 8
2019/2/11, 76, 29, 30, 14, 3, 6
2019/2/12, 78, 30, 36, 7, 3, 7
2019/2/13, 63, 34, 36, 10, 3, 6
2019/2/14, 76, 15, 28, 13, 3, 4
2019/2/15, 53, 44, 32, 8, 3, 4
2019/2/16, 107, 35, 34, 9, 5, 6
2019/2/17, 85, 18, 22, 20, 3, 6
2019/2/18, 60, 31, 13, 21, 3, 6
2019/2/19, 92, 47, 22, 18, 3, 7
2019/2/20, 130, 54, 34, 15, 4, 8
2019/2/21, 146, 47, 29, 15, 3, 7
2019/2/22, 129, 89, 32, 25, 5, 9
2019/2/23, 186, 75, 53, 27, 5, 9
2019/2/24, 164, 63, 32, 30, 6, 11
2019/2/25, 158, 44, 39, 17, 4, 7
2019/2/26, 101, 35, 28, 19, 4, 7
2019/2/27, 79, 33, 32, 17, 4, 5
2019/2/28, 87, 70, 41, 31, 5, 11
2019/3/1, 149, 53, 31, 24, 4, 6
2019/3/2, 139, 63, 34, 25, 5, 7
2019/3/3, 159, 74, 48, 20, 5, 8
2019/3/4, 171, 69, 38, 24, 4, 7
2019/3/5, 165, 64, 55, 17, 3, 7
2019/3/6, 159, 66, 50, 13, 4, 8
2019/3/7, 136, 37, 34, 18, 3, 5
2019/3/8, 64, 35, 19, 32, 4, 7
2019/3/9, 97, 48, 23, 20, 4, 8
2019/3/10, 124, 66, 43, 29, 5, 8
2019/3/11, 145, 82, 46, 27, 5, 7
2019/3/12, 148, 54, 35, 18, 4, 5
2019/3/13, 68, 32, 34, 21, 3, 5
2019/3/14, 68, 52, 45, 23, 6, 6
2019/3/15, 129, 56, 53, 28, 5, 6
2019/3/16, 102, 69, 71, 31, 7, 8
2019/3/17, 165, 36, 35, 19, 4, 5
2019/3/18, 98, 40, 44, 23, 4, 6
2019/3/19, 102, 40, 47, 16, 4, 7
2019/3/20, 80, 49, 33, 13, 4, 9
2019/3/21, 133, 30, 35, 9, 4, 5
2019/3/22, 43, 35, 40, 13, 5, 6
2019/3/23, 78, 47, 48, 14, 4, 5
2019/3/24, 105, 53, 38, 24, 4, 7
2019/3/25, 141, 60, 45, 28, 5, 7
2019/3/26, 145, 52, 33, 27, 5, 7
2019/3/27, 138, 62, 23, 31, 4, 8
2019/3/28, 156, 54, 39, 21, 3, 6
2019/3/29, 130, 62, 41, 22, 5, 7
2019/3/30, 135, 47, 42, 12, 4, 5
2019/3/31, 60, 50, 55, 22, 4, 4
2018/10/1, 66, 47, 81, 20, 5, 6
2018/10/2, 80, 37, 63, 19, 4, 5
2018/10/3, 67, 37, 67, 9, 5, 5
2018/10/4, 63, 29, 51, 5, 4, 4
2018/10/5, 48, 45, 63, 13, 5, 7
2018/10/6, 77, 53, 98, 18, 5, 8
2018/10/7, 95, 44, 48, 17, 4, 9
2018/10/8, 63, 49, 33, 32, 4, 7
2018/10/9, 88, 39, 40, 11, 4, 6
2018/10/10, 76, 35, 42, 18, 5, 5
2018/10/11, 62, 32, 43, 20, 5, 6
2018/10/12, 63, 39, 52, 27, 4, 5
2018/10/13, 70, 31, 37, 17, 4, 5
2018/10/14, 54, 30, 45, 17, 3, 7
2018/10/15, 52, 33, 53, 20, 4, 7
2018/10/16, 74, 54, 76, 32, 4, 7
2018/10/17, 118, 32, 45, 15, 4, 7
2018/10/18, 71, 36, 40, 25, 5, 6
2018/10/19, 62, 29, 38, 22, 3, 5
2018/10/20, 54, 32, 43, 27, 3, 5
2018/10/21, 62, 18, 27, 23, 2, 6
2018/10/22, 59, 52, 58, 21, 3, 10
2018/10/23, 138, 68, 68, 28, 3, 10
2018/10/24, 144, 53, 52, 19, 3, 7
2018/10/25, 85, 60, 35, 17, 3, 9
2018/10/26, 139, 72, 23, 37, 6, 9
2018/10/27, 130, 66, 48, 38, 7, 9
2018/10/28, 125, 75, 51, 38, 10, 9
2018/10/29, 147, 42, 41, 25, 4, 8
2018/10/30, 85, 34, 46, 16, 4, 8
2018/10/31, 71, 25, 37, 17, 3, 7
2018/11/1, 55, 31, 36, 23, 3, 7
2018/11/2, 62, 28, 37, 23, 2, 8
2018/11/3, 60, 30, 43, 21, 2, 7
2018/11/4, 81, 30, 40, 15, 2, 6
2018/11/5, 82, 29, 41, 18, 3, 7
2018/11/6, 78, 41, 19, 29, 2, 8
2018/11/7, 137, 18, 16, 18, 2, 8
2018/11/8, 54, 45, 33, 28, 4, 10
2018/11/9, 123, 45, 41, 26, 3, 9
2018/11/10, 116, 46, 27, 25, 4, 8
2018/11/11, 120, 27, 35, 16, 3, 9
2018/11/12, 68, 40, 37, 25, 3, 8
2018/11/13, 81, 48, 41, 30, 3, 9
2018/11/14, 96, 40, 7, 40, 3, 9
2018/11/15, 79, 22, 34, 15, 3, 6
2018/11/16, 66, 30, 33, 13, 4, 7
2018/11/17, 56, 18, 25, 15, 3, 7
2018/11/18, 59, 61, 25, 23, 6, 13
2018/11/19, 148, 52, 35, 26, 5, 13
2018/11/20, 122, 13, 33, 16, 3, 8
2018/11/21, 47, 43, 38, 19, 4, 9
2018/11/22, 94, 51, 35, 33, 4, 9
2018/11/23, 111, 56, 35, 31, 5, 9
2018/11/24, 123, 71, 42, 39, 5, 12
2018/11/25, 166, 58, 35, 37, 4, 12
2018/11/26, 133, 79, 38, 45, 5, 15
2018/11/27, 173, 90, 32, 43, 4, 14
2018/11/28, 188, 91, 47, 56, 5, 14
2018/11/29, 180, 81, 39, 39, 4, 11
2018/11/30, 142, 61, 29, 29, 3, 5
2018/12/1, 94, 41, 24, 22, 2, 4
2018/12/2, 91, 53, 6, 29, 2, 7
2018/12/3, 144, 39, 16, 21, 2, 9
2018/12/4, 108, , , , , 
2018/12/10, 70, 16, 24, 13, 3, 4
2018/12/11, 45, 63, 20, 22, 7, 9
2018/12/12, 154, 60, 21, 29, 8, 8
2018/12/13, 156, 59, 21, 29, 6, 10
2018/12/14, 127, 28, 13, 28, 3, 4
2018/12/15, 52, 59, 22, 27, 5, 8
2018/12/16, 132, 93, 22, 37, 7, 10
2018/12/17, 175, 92, 18, 46, 7, 11
2018/12/18, 162, 76, 4, 52, 7, 9
2018/12/19, 147, 44, 20, 31, 4, 7
2018/12/20, 89, 49, 3, 32, 3, 6
2018/12/21, 118, 33, 20, 21, 2, 5
2018/12/22, 95, 49, 35, 14, 4, 7
2018/12/23, 123, 50, 28, 20, 4, 8
2018/12/24, 87, 34, 20, 23, 3, 5
2018/12/25, 58, 17, 27, 14, 2, 7
2018/12/26, 41, 31, 25, 11, 3, 3
2018/12/27, 63, 37, 25, 11, 4, 3
2018/12/28, 75, 42, 21, 19, 5, 6
2018/12/29, 88, 33, 18, 17, 4, 4
2018/12/30, 83, , , , , 
2018/8/25, 53, 21, 21, 11, 3, 4
2018/8/26, 43, 24, 30, 8, 3, 3
2018/8/27, 29, 28, 31, 6, 3, 3
2018/8/28, 30, 27, 34, 8, 4, 3
2018/8/29, 30, 32, 42, 10, 4, 4
2018/8/30, 42, 32, 86, 11, 4, 3
2018/8/31, 54, 43, 63, 18, 4, 6
2018/9/1, 105, 36, 75, 15, 4, 6
2018/9/2, 90, 49, 69, 18, 4, 5
2018/9/3, 121, 52, 95, 22, 5, 8
2018/9/4, 104, 61, 119, 27, 5, 7
2018/9/5, 106, 67, 123, 15, 5, 7
2018/9/6, 131, 60, 32, 25, 4, 9
2018/9/7, 129, 34, 43, 15, 4, 3
2018/9/8, 50, 32, 49, 15, 4, 4
2018/9/9, 53, 30, 48, 13, 4, 6
2018/9/10, 52, 37, 38, 19, 3, 6
2018/9/11, 47, 33, 32, 19, 4, 6
2018/9/12, 52, 26, 29, 14, 3, 4
2018/9/13, 46, 33, 33, 23, 5, 5
2018/9/14, 57, 30, 43, 16, 4, 3
2018/9/15, 56, 26, 24, 10, 3, 3
2018/9/16, 47, 18, 14, 15, 3, 4
2018/9/17, 27, 30, 27, 19, 5, 5
2018/9/18, 54, 39, 79, 18, 4, 5
2018/9/19, 79, 39, 22, 25, 4, 6
2018/9/20, 86, 36, 35, 17, 4, 9
2018/9/21, 85, 42, 37, 25, 6, 8
2018/9/22, 87, 62, 82, 21, 6, 8
2018/9/23, 129, 48, 80, 10, 4, 5
2018/9/24, 86, 31, 53, 10, 3, 6
2018/9/25, 35, 30, 47, 9, 4, 6
2018/9/26, 36, 28, 43, 11, 4, 6
2018/9/27, 40, 30, 46, 17, 4, 5
2018/9/28, 38, 29, 47, 10, 4, 5
2018/9/29, 45, 56, 109, 16, 7, 7
2018/9/30, 107, 42, 53, 14, 6, 5
2024/12/31, , 68, 31, 26, 3, 5
2020/6/15, , 29, 47, 12, 1, 2
2019/12/31, , 25, 19, 20, 3, 5
2018/12/31, , 27, 27, 11, 3, 3
2018/12/9, , 15, 19, 16, 3, 2
2018/8/24, , 23, 28, 11, 2, 3